Archie Stark	Kearny Irish	American Soccer League (1934-1983)	1933-1934		22	
Razzo Carroll	Kearny Scots	American Soccer League (1934-1983)	1933-1934		22	
Millard Lang	Baltimore Canton	American Soccer League (1934-1983)	1934-1935	19	14	
Henry Carroll	Brookhattan	American Soccer League (1934-1983)	1934-1935	19	13	
Alex Rae	Newark Germans	American Soccer League (1934-1983)	1934-1935	19	16	
William Schwanke	Baltimore Canton	American Soccer League (1934-1983)	1934-1935	16	12	
Robert Deal	Philadelphia Germans	American Soccer League (1934-1983)	1934-1935	13	11	
Fabri Salcedo	Brooklyn Hispano	American Soccer League (1934-1983)	1934-1935	20	11	
Siegfried Wortmann	Brookhattan	American Soccer League (1934-1983)	1934-1935	18	10	
John McEwan	Brooklyn Celtic	American Soccer League (1934-1983)	1934-1935	11	9	
Mack	Baltimore Canton	American Soccer League (1934-1983)	1934-1935	19	8	
Harry Collins	New York Americans	American Soccer League (1934-1983)	1934-1935	19	8	
Lauder	Kearny Irish	American Soccer League (1934-1983)	1934-1935	19	8	
George Michaels	New York Americans	American Soccer League (1934-1983)	1934-1935	13	8	
Alex Rae	Newark Germans	American Soccer League (1934-1983)	1935-1936		28	
Charlie Ernst	Baltimore S.C.	American Soccer League (1934-1983)	1936-1937		25	
Fabri Salcedo	Brooklyn Hispano	American Soccer League (1934-1983)	1937-1938		17	
Bert Patenaude	Philadelphia Passon	American Soccer League (1934-1983)	1938-1939		24	
Charlie Ernst	Baltimore S.C.	American Soccer League (1934-1983)	1939-1940		24	
Fabri Salcedo	Brooklyn Hispano	American Soccer League (1934-1983)	1940-1941		17	
Duke Nanoski	St. Mary's Celtic	American Soccer League (1934-1983)	1941-1942	19	20	8
Billy Gonsalves	Kearny Scots	American Soccer League (1934-1983)	1941-1942	19	16	8
Al Jennette	Brookhattan	American Soccer League (1934-1983)	1941-1942	19	13	7
Charley Ernst	Baltimore S.C.	American Soccer League (1934-1983)	1941-1942	19	13	10
Chappie Sheppell	Kearny Irish	American Soccer League (1934-1983)	1941-1942	17	12	11
Clark	Kearny Irish	American Soccer League (1934-1983)	1941-1942	18	12	4
Fisher	Kearny Scots	American Soccer League (1934-1983)	1941-1942	19	12	6
Chappie Sheppell	Kearny Irish	American Soccer League (1934-1983)	1942-1943	15	12	14
Fabri Salcedo	Brooklyn Hispano	American Soccer League (1934-1983)	1942-1943	18	10	6
Duke Nanoski	Philadelphia Americans	American Soccer League (1934-1983)	1942-1943	15	10	7
Al Jennette	Brookhattan	American Soccer League (1934-1983)	1942-1943	17	10	6
Enrique Quinones	Brooklyn Hispano	American Soccer League (1934-1983)	1942-1943	16	9	9
Rudy Kuntner	Brookhattan	American Soccer League (1934-1983)	1942-1943	17	9	5
Joe Boyle	Brookhattan	American Soccer League (1934-1983)	1942-1943	15	8	6
Billy Gonsalves	Brooklyn Hispano	American Soccer League (1934-1983)	1942-1943	16	8	4
Walter Jackson	Brooklyn Wanderers	American Soccer League (1934-1983)	1942-1943	13	7	0
Carroll	Kearny Scots	American Soccer League (1934-1983)	1942-1943	15	7	5
David Dick	Philadelphia Americans	American Soccer League (1934-1983)	1942-1943	17	7	4
Waldkewicz	Philadelphia Nationals	American Soccer League (1934-1983)	1942-1943	12	7	1
Nick Kropfelder	Baltimore Americans	American Soccer League (1934-1983)	1942-1943	12	7	0
Tommy Marshall	Brooklyn Wanderers	American Soccer League (1934-1983)	1943-1944	17	21	13
Al Jennette	Brookhattan	American Soccer League (1934-1983)	1943-1944	17	8	7
Bob Gormley	Philadelphia Americans	American Soccer League (1934-1983)	1943-1944	19	16	14
Al Sasson	Kearny Celtic	American Soccer League (1934-1983)	1943-1944	17	15	3
Bob Glosson	Philadelphia Nationals	American Soccer League (1934-1983)	1943-1944	19	15	7
Duke Nanoski	Philadelphia Americans	American Soccer League (1934-1983)	1943-1944	15	14	13
Jackie Hynes	New York Americans	American Soccer League (1934-1983)	1943-1944	17	12	6
Charles Altemose	Philadelphia Nationals	American Soccer League (1934-1983)	1943-1944	19	11	3
Charley Ernst	Baltimore Americans	American Soccer League (1934-1983)	1943-1944	3	11	0
Millard Lang	Baltimore S.C.	American Soccer League (1934-1983)	1943-1944	13	10	2
Jukey Nanoski	Philadelphia Americans	American Soccer League (1934-1983)	1944-1945	19	22	16
George Nemchik	Brookhattan	American Soccer League (1934-1983)	1944-1945	18	18	7
Kelly	Philadelphia Americans	American Soccer League (1934-1983)	1944-1945	18	16	9
Charles Altemose	Philadelphia Nationals	American Soccer League (1934-1983)	1944-1945	19	15	7
Fabri Salcedo	Brooklyn Hispano	American Soccer League (1934-1983)	1944-1945	14	15	10
Al Sasson	Kearny Celtic	American Soccer League (1934-1983)	1944-1945	18	15	1
Fabri Salcedo	Brooklyn Hispano	American Soccer League (1934-1983)	1945-1956		24	
Bill Fisher	Brooklyn Wanderers	American Soccer League (1934-1983)	1946-1947	19	17	
John O'Connell	Brooklyn Wanderers	American Soccer League (1934-1983)	1946-1947	15	16	
Sol Eisner	New York Americans	American Soccer League (1934-1983)	1946-1947	19	14	
Pete McNab	Brooklyn Hispano	American Soccer League (1934-1983)	1946-1947	20	14	
Ray Kelly	Philadelphia Americans	American Soccer League (1934-1983)	1946-1947	20	14	
Len Oliver	Philadelphia Nationals	American Soccer League (1934-1983)	1946-1947	18	13	
Bob Glosson	Philadelphia Nationals	American Soccer League (1934-1983)	1946-1947	17	12	
Bob Gormley	Philadelphia Americans	American Soccer League (1934-1983)	1946-1947	19	12	
Ray McFaul	Baltimore Americans	American Soccer League (1934-1983)	1946-1947	18	12	
Alec Rae	Brookhattan	American Soccer League (1934-1983)	1946-1947	16	11	
Nick Kropfelder	Baltimore Americans	American Soccer League (1934-1983)	1947-1948		19	
Joe Gaetjens	Brookhattan	American Soccer League (1934-1983)	1947-1948		14	
Bob Gormley	Philadelphia Americans	American Soccer League (1934-1983)	1947-1948		13	
Fabri Salcedo	Philadelphia Americans	American Soccer League (1934-1983)	1947-1948		12	
Jackie Hynes	New York Americans	American Soccer League (1934-1983)	1947-1948		12	
Dick Roberts	Brooklyn Wanderers	American Soccer League (1934-1983)	1947-1948		10	
Joe White	Philadelphia Nationals	American Soccer League (1934-1983)	1947-1948		10	
Sol Eisner	New York Americans	American Soccer League (1934-1983)	1947-1948		8	
Archie Sheppell	Kearny Scots	American Soccer League (1934-1983)	1947-1948		8	
Juke Nanoski	Philadelphia Americans	American Soccer League (1934-1983)	1947-1948		8	
Piro Villanon	Brookhattan	American Soccer League (1934-1983)	1948-1949		17	
Tommy Oliver	Philadelphia Nationals	American Soccer League (1934-1983)	1948-1949		16	
Jack Hynes	New York Americans	American Soccer League (1934-1983)	1948-1949		10	
Benny McLaughlin	Philadelphia Nationals	American Soccer League (1934-1983)	1948-1949		10	
King	Philadelphia Americans	American Soccer League (1934-1983)	1948-1949		10	
Al Sasson	Kearny Celtic	American Soccer League (1934-1983)	1948-1949		9	
John O'Connell	Brooklyn Wanderers	American Soccer League (1934-1983)	1948-1949		9	
Joe White	Philadelphia Nationals	American Soccer League (1934-1983)	1948-1949		9	
Joe Gaetjens	Brookhattan	American Soccer League (1934-1983)	1949-1950		18	
Dick Roberts	Kearny Scots	American Soccer League (1934-1983)	1949-1950		17	
Len Owen	New York Nationals	American Soccer League (1934-1983)	1949-1950		15	
Nick Kropfelder	New York Americans	American Soccer League (1934-1983)	1949-1950		15	
Nick Kropfelder	Philadelphia Nationals	American Soccer League (1934-1983)	1950-1951		17	
Dick Roberts	Kearny Scots	American Soccer League (1934-1983)	1951-1952		19	
Jack Calder	Newark Portugeuse	American Soccer League (1934-1983)	1951-1952		12	
Joe Tait	Philadelphia Americans	American Soccer League (1934-1983)	1951-1952		12	
Pito Vilanon	Brookhattan	American Soccer League (1934-1983)	1952-1953		12	
Pete McNab	Brooklyn Hispano	American Soccer League (1934-1983)	1952-1953		10	
Jack Calder	Newark Portugeuse	American Soccer League (1934-1983)	1952-1953		8	
Bill Drake	Newark Portugeuse	American Soccer League (1934-1983)	1952-1953		8	
Henry Quigley	New York Americans	American Soccer League (1934-1983)	1952-1953		7	
Bob Gormley	Philadelphia Americans	American Soccer League (1934-1983)	1952-1953		7	
Jack Calder	Newark Portugeuse	American Soccer League (1934-1983)	1953-1954		19	
Jack Ferris	Uhrik Truckers	American Soccer League (1934-1983)	1954-1955		20	
Stanley Vickers	Brooklyn Hispano	American Soccer League (1934-1983)	1954-1955		19	
George Athineos	New York Hakoah	American Soccer League (1934-1983)	1954-1955		16	
Billy Sturgess	New York Americans	American Soccer League (1934-1983)	1955-1956		17	
George Andrade	Brookhattan	American Soccer League (1934-1983)	1955-1956		14	
Gene Grabowski	Elizabeth Falcons	American Soccer League (1934-1983)	1955-1956		14	
Pascoal Pepe	Newark Portugeuse	American Soccer League (1934-1983)	1955-1956		10	
George Brown	Elizabeth Falcons	American Soccer League (1934-1983)	1956-1957		13	
Jackie Hynes	Brookhattan	American Soccer League (1934-1983)	1957-1958		14	
Lloyd Monsen	New York Hakoah	American Soccer League (1934-1983)	1957-1958		13	
Larry Surock	Baltimore Pompei	American Soccer League (1934-1983)	1957-1958		13	
A. Falk	Philadelphia Ukrainians	American Soccer League (1934-1983)	1957-1958		10	
J. Hughes	Uhrik Truckers	American Soccer League (1934-1983)	1957-1958		7	
T. Niedenbach	Elizabeth Falcons	American Soccer League (1934-1983)	1957-1958		6	
Walt Czychowych	Philadelphia Ukrainians	American Soccer League (1934-1983)	1957-1958		6	
George Athineos	New York Hakoah	American Soccer League (1934-1983)	1957-1958		6	
Jack Ferris	Uhrik Truckers	American Soccer League (1934-1983)	1957-1958		6	
Pasquale Pepe	Newark Portugeuse	American Soccer League (1934-1983)	1958-1959		17	
Lloyd Monsen	New York Hakoah	American Soccer League (1934-1983)	1958-1959		16	
George Andrade	Brooklyn Italians	American Soccer League (1934-1983)	1958-1959		13	
Bob Swinski	Baltimore Pompei	American Soccer League (1934-1983)	1958-1959		13	
Al Didriksen	Uhrik Truckers	American Soccer League (1934-1983)	1958-1959		8	
Jack Ferris	Uhrik Truckers	American Soccer League (1934-1983)	1958-1959		8	
Hornmoen	New York Hakoah	American Soccer League (1934-1983)	1958-1959		8	
Walt Czychowych	Ukrainian Nationals	American Soccer League (1934-1983)	1958-1959		7	
Al Sonnenblick	New York Hakoah	American Soccer League (1934-1983)	1958-1959		6	
Anderson	Uhrik Truckers	American Soccer League (1934-1983)	1958-1959		6	
Miguel Noga	Ukrainian Nationals	American Soccer League (1934-1983)	1959-1960		16	
Ch. Bustamante	Colombo	American Soccer League (1934-1983)	1959-1960		14	
Tony Bonezzi	Colombo	American Soccer League (1934-1983)	1959-1960		12	
Mario Zelaschi	Colombo	American Soccer League (1934-1983)	1959-1960		9	
William Silva	Fall River SC	American Soccer League (1934-1983)	1959-1960		9	
Mario Dellatorre	Brooklyn Italians	American Soccer League (1934-1983)	1959-1960		8	
Swinsky	Baltimore Pompei	American Soccer League (1934-1983)	1959-1960		8	
Pasqual Pepe	Newark Portugeuse	American Soccer League (1934-1983)	1959-1960		7	
R. Sneddon     	Newark Portugeuse	American Soccer League (1934-1983)	1959-1960		7	
Herman Niss	Ukrainian Nationals	American Soccer League (1934-1983)	1960-1961		17	
George Kulich	Falcons SC	American Soccer League (1934-1983)	1960-1961		12	
Ricardo Mangini	Ukrainian Nationals	American Soccer League (1934-1983)	1960-1961		10	
William Silva	Fall River SC	American Soccer League (1934-1983)	1960-1961		9	
Pete Millar	Inter SC	American Soccer League (1934-1983)	1961-1962		18	
Ruben Pegorer	Ukrainian Nationals	American Soccer League (1934-1983)	1961-1962		9	
G. Brown	Falcons SC	American Soccer League (1934-1983)	1961-1962		7	
Francisco Catroppa	Inter SC	American Soccer League (1934-1983)	1961-1962		7	
Pasqual Pepe	Newark Portugeuse	American Soccer League (1934-1983)	1961-1962		7	
Ismael Ferreyra	Ukrainian Nationals	American Soccer League (1934-1983)	1962-1963		14	
Mike Noha	Ukrainian Nationals	American Soccer League (1934-1983)	1962-1963		13	
Pete Millar	Inter SC	American Soccer League (1934-1983)	1962-1963		12	
Walt Czychowych	Ukrainian Nationals	American Soccer League (1934-1983)	1962-1963		11	
William Silva	Fall River SC	American Soccer League (1934-1983)	1962-1963		8	
Walt Czychowych	Ukrainian Nationals	American Soccer League (1934-1983)	1963-1964		15	
Herculiano Riguerdo	Newark Portugeuse	American Soccer League (1934-1983)	1964-1965		7	
Otto Weber	New Brunswick Hungarians	American Soccer League (1934-1983)	1964-1965		5	
Michael Wieszt	New Brunswick Hungarians	American Soccer League (1934-1983)	1964-1965		5	
Americo Sadiotte	Roma SC	American Soccer League (1934-1983)	1964-1965		4	
Julius Roth	New Brunswick Hungarians	American Soccer League (1934-1983)	1964-1965		4	
Tommy McLeod	Hartford FC	American Soccer League (1934-1983)	1964-1965		4	
Walt Czychowych	Newark Ukrainian Sitch	American Soccer League (1934-1983)	1965-1966		27	
George Benitez	Ukrainian Nationals	American Soccer League (1934-1983)	1965-1966		21	
Sal Scata	Hartford SC	American Soccer League (1934-1983)	1965-1966		20	
Tony Verstraale	Roma SC	American Soccer League (1934-1983)	1965-1966		20	
George Benitez	Ukrainian Nationals	American Soccer League (1934-1983)	1966-1967		16	
Alec Falk	Newark Ukrainian Sitch	American Soccer League (1934-1983)	1966-1967		12	
Peter Short	Newark Ukrainian Sitch	American Soccer League (1934-1983)	1966-1967		12	
Walt Czychowych	Newark Ukrainian Sitch	American Soccer League (1934-1983)	1966-1967		11	
Henry Wagner	Ukrainian Nationals	American Soccer League (1934-1983)	1966-1967		10	
Sal Scata	Hartford Kings	American Soccer League (1934-1983)	1966-1967		9	
Otto Weber	New Brunswick Hungarians	American Soccer League (1934-1983)	1966-1967		8	
Ivan Paleto	Ukrainian Nationals	American Soccer League (1934-1983)	1967-1968		14	
Nelson Bargamo	Rochester Lancers	American Soccer League (1934-1983)	1967-1968		12	
Luis Passache	Ukrainian Nationals	American Soccer League (1934-1983)	1967-1968		9	
Manual Rugel	New York Inter	American Soccer League (1934-1983)	1967-1968		8	
Carlos Medidiera	Boston Tigers	American Soccer League (1934-1983)	1967-1968		8	
Jorge Benitez	Boston Tigers	American Soccer League (1934-1983)	1967-1968		8	
Billy Fraser	Washington Darts	American Soccer League (1934-1983)	1967-1968		7	
Robert Waugh	New York Inter	American Soccer League (1934-1983)	1967-1968		7	
Aguedo Perez	Newark Portugeuse	American Soccer League (1934-1983)	1967-1968		6	
Avner Wolanon	New York Inter	American Soccer League (1934-1983)	1967-1968		6	
Jim Lefkos	Syracuse Scorpions	American Soccer League (1934-1983)	1969		22	
Juan Paletta	Philadelphia Spartans	American Soccer League (1934-1983)	1970		8	
William Mfum	Ukrainian Nationals	American Soccer League (1934-1983)	1970		9	
Charlie Ducilli	Philadelphia Spartans	American Soccer League (1934-1983)	1971		11	
Charles Ducilli	Philadelphia Spartans	American Soccer League (1934-1983)	1972		5	
Joseph Oqnajac	New York Greeks	American Soccer League (1934-1983)	1972		4	
Nelson Brazilia	Cincinnati Comets	American Soccer League (1934-1983)	1972		4	
Serge Racine	Northeast United	American Soccer League (1934-1983)	1972		3	
Antonio Harmon	Northeast United	American Soccer League (1934-1983)	1972		3	
George Pulita	Philadelphia Spartans	American Soccer League (1934-1983)	1972		3	
John Kostakis	New York Greeks	American Soccer League (1934-1983)	1972		3	
Eddy Roberts	Cincinnati Comets	American Soccer League (1934-1983)	1973	12	12	10
Doug McMillan	Cleveland Stars	American Soccer League (1934-1983)	1973	7	11	7
Steve Davic	Cleveland Stars	American Soccer League (1934-1983)	1973	10	9	8
James McMillan	Cleveland Stars	American Soccer League (1934-1983)	1973	12	10	6
Itamar Ives	Boston Astros	American Soccer League (1934-1983)	1973	14	11	4
Tony Francillo	New York Apollo	American Soccer League (1934-1983)	1973	13	11	3
Benny Brewster	Connecticut Wildcats	American Soccer League (1934-1983)	1973	14	10	4
B.B. Barbosa	Boston Astros	American Soccer League (1934-1983)	1973	13	10	0
Luis Sebastian	Syracus Suns	American Soccer League (1934-1983)	1973	14	10	0
Chuta Piedra	Gary Tigers	American Soccer League (1934-1983)	1973	9	7	5
Jose Neto	Boston Astros	American Soccer League (1934-1983)	1975		23	5
Mohammed Attiah	Rhode Island Oceaneers	American Soccer League (1934-1983)	1975		16	1
Vito Colonna	Cleveland Cobras	American Soccer League (1934-1983)	1975		15	3
Robert Taylor	Connecticut Yankees	American Soccer League (1934-1983)	1975		14	4
Jim McMillan	Cleveland Cobras	American Soccer League (1934-1983)	1975		7	7
Roger St. Vil	Cincinnati Comets	American Soccer League (1934-1983)	1975		8	4
Necdet Muldur	New Jersey Brewers	American Soccer League (1934-1983)	1975		8	3
Miguel Perrichon	Cleveland Cobras	American Soccer League (1934-1983)	1975		7	4
Al Reynolds	Cincinnati Comets	American Soccer League (1934-1983)	1975		8	1
Pete Kouratos	Chicago Cats	American Soccer League (1934-1983)	1975		5	7
Bosko Bajeski	New Jersey Brewers	American Soccer League (1934-1983)	1975		7	2
Joe Luxbacher	Pittsburgh Miners	American Soccer League (1934-1983)	1975		6	4
Danny Budimir	Cleveland Cobras	American Soccer League (1934-1983)	1975		6	3
Victor Calabrese	Connecticut Yankees	American Soccer League (1934-1983)	1975		6	3
Jan Kayzerek	Connecticut Yankees	American Soccer League (1934-1983)	1975		6	3
Mullin Hall	Cincinnati Comets	American Soccer League (1934-1983)	1975		7	0
Sam Vieceli	Pittsburgh Miners	American Soccer League (1934-1983)	1975		6	1
Frantz Innocent	Connecticut Yankees	American Soccer League (1934-1983)	1975		5	3
Helio Barbosa	Boston Astros	American Soccer League (1934-1983)	1975		5	3
Oliver Acquah	Rhode Island Oceaneers	American Soccer League (1934-1983)	1975		4	5
Jim Hinch	Los Angeles Skyhawks	American Soccer League (1934-1983)	1976	18	13	6
Jose Neto	Rhode Island Oceaneers	American Soccer League (1934-1983)	1976	19	13	2
Vic Calabrese	Connecticut Yankees	American Soccer League (1934-1983)	1976	21	12	2
Jim Rolland	Los Angeles Skyhawks	American Soccer League (1934-1983)	1976	21	11	4
David Chadwick	Tacoma Tides	American Soccer League (1934-1983)	1976	17	9	8
Gerald Hylkema	Oakland Buccaneers	American Soccer League (1934-1983)	1976	18	10	4
Roberto Oliviera	Cleveland Cobras	American Soccer League (1934-1983)	1976	20	10	3
Vito Colonna	Cleveland Cobras	American Soccer League (1934-1983)	1976	20	9	4
Jan Klosek	Connecticut Yankees	American Soccer League (1934-1983)	1976	20	6	7
Otey Cannon	Sacramento Spirits	American Soccer League (1934-1983)	1976	19	8	2
Tony Douglas	Utah Golden Spikers	American Soccer League (1934-1983)	1976	17	7	4
Kevin Kiernan	New Jersey Americans	American Soccer League (1934-1983)	1976	21	6	6
Franco Chirinos	Oakland Buccaneers	American Soccer League (1934-1983)	1976	18	7	3
Pepe Fernandez	Tacoma Tides	American Soccer League (1934-1983)	1976	12	7	1
John Roeslein	New Jersey Americans	American Soccer League (1934-1983)	1976	20	7	1
Theo Nahorski	New York Apollo	American Soccer League (1934-1983)	1976	21	6	2
Windsor Del Llano	Tacoma Tides	American Soccer League (1934-1983)	1976	21	5	4
Joe Kawalzyck	Connecticut Yankees	American Soccer League (1934-1983)	1976	18	5	3
Mike Paparigas	New York Apollo	American Soccer League (1934-1983)	1976	21	4	5
Mario Garcia	New York Apollo	American Soccer League (1934-1983)	1976	17	6	0
Charlie Myers	Tacoma Tides	American Soccer League (1934-1983)	1976	20	6	0
Jose Neto	New Jersey Americans	American Soccer League (1934-1983)	1977	16	17	2
Jim Hinch	Los Angeles Skyhawks	American Soccer League (1934-1983)	1977	19	11	13
Jim Rolland	Los Angeles Skyhawks	American Soccer League (1934-1983)	1977	20	13	5
Tony Douglas	California Sunshine	American Soccer League (1934-1983)	1977	18	15	0
Mal Roche	Sacramento Spirits	American Soccer League (1934-1983)	1977	22	13	3
Edner Breton	New York Apollo	American Soccer League (1934-1983)	1977	23	10	4
Ringo Castillo	New Jersey Americans	American Soccer League (1934-1983)	1977	21	7	10
Mario Garcia	New York Apollo	American Soccer League (1934-1983)	1977	22	6	11
Poli Garcia	California Sunshine	American Soccer League (1934-1983)	1977	22	8	5
Vito Colonna	Cleveland Cobras	American Soccer League (1934-1983)	1977	24	10	0
Telmo Pires	New Jersey Americans	American Soccer League (1934-1983)	1977	22	9	2
Vic Calabrese	Connecticut Yankees	American Soccer League (1934-1983)	1977	20	8	4
Manuel Barbosa	New England Oceaneers	American Soccer League (1934-1983)	1977	23	7	5
Mohammed Attiah	New England Oceaneers	American Soccer League (1934-1983)	1977	23	7	4
Bill Kenny	Cleveland Cobras	American Soccer League (1934-1983)	1977	20	7	3
Jim Rolland	Los Angeles Skyhawks	American Soccer League (1934-1983)	1978	24	17	10
Jose Neto	New Jersey Americans	American Soccer League (1934-1983)	1978	23	17	9
Mike Mancini	New York Apollo	American Soccer League (1934-1983)	1978	23	17	6
Sid Wallace	Southern California Lazers	American Soccer League (1934-1983)	1978	24	14	7
Charlie McCarthy	New York Apollo	American Soccer League (1934-1983)	1978	23	13	8
Steve Newman	Indianapolis Daredevils	American Soccer League (1934-1983)	1978	19	14	2
Edner Breton	New York Apollo	American Soccer League (1934-1983)	1978	21	11	8
Kevin Mahon	New York Apollo	American Soccer League (1934-1983)	1978	22	11	8
Andy Chapman	California Sunshine	American Soccer League (1934-1983)	1978	23	12	5
John Lowey	California Sunshine	American Soccer League (1934-1983)	1978	21	10	6
Billy McNichol	Los Angeles Skyhawks	American Soccer League (1934-1983)	1978	21	11	3
Tony Douglas	California Sunshine	American Soccer League (1934-1983)	1978	23	9	7
Mal Roche	Los Angeles Skyhawks	American Soccer League (1934-1983)	1978	18	10	2
Emilio John	Sacramento Gold	American Soccer League (1934-1983)	1978	23	10	2
Steve Reid	New Jersey Americans	American Soccer League (1934-1983)	1978	21	8	4
Ian Filby	Sacramento Gold	American Soccer League (1934-1983)	1979	26	14	17
Poli Garcia	California Sunshine	American Soccer League (1934-1983)	1979	26	15	12
Jim Fink	California Sunshine	American Soccer League (1934-1983)	1979	23	15	9
Branko Samatovic	New York Eagles	American Soccer League (1934-1983)	1979	28	8	16
Andy Chapman	California Sunshine	American Soccer League (1934-1983)	1979	25	12	6
Christian Nwokocka	Pennsylvania Stoners	American Soccer League (1934-1983)	1979	21	13	3
Colin Mclocklan	Indianapolis Daredevils	American Soccer League (1934-1983)	1979	28	12	5
Ron Wigg	Columbus Magic	American Soccer League (1934-1983)	1979	27	13	2
Steve Long	Pennsylvania Stoners	American Soccer League (1934-1983)	1979	28	10	6
Anselmo Vicoso	Sacramento Gold	American Soccer League (1934-1983)	1979	18	10	6
Mal Roche	Golden Gate Gales	American Soccer League (1934-1983)	1980	27	17	4
Andy Chapman	Cleveland Cobras	American Soccer League (1934-1983)	1980	19	12	4
Jim Rolland	California Sunshine	American Soccer League (1934-1983)	1980	18	8	11
Marciso Doval	New York United	American Soccer League (1934-1983)	1980	17	12	2
Joe Fink	Cleveland Cobras	American Soccer League (1934-1983)	1980	22	12	2
Ruen Astigarraga	Cleveland Cobras	American Soccer League (1934-1983)	1980	23	10	6
Malcolm Filby	Sacramento Gold	American Soccer League (1934-1983)	1980	16	11	3
Walter Schlothauer	Cleveland Cobras	American Soccer League (1934-1983)	1980	22	7	9
Bill Bolevic	New York Eagles	American Soccer League (1934-1983)	1981	26	25	9
Andy Chapman	Cleveland Cobras	American Soccer League (1934-1983)	1981	25	22	10
Mike Mancini	Detroit Express	American Soccer League (1934-1983)	1981	26	16	10
Redmond Lee	New York United	American Soccer League (1934-1983)	1981	23	14	10
Tony Suarez	Carolina Lightnin'	American Soccer League (1934-1983)	1981	22	15	4
Mike Leachev	Rochester Flash	American Soccer League (1934-1983)	1981	20	13	5
Lesh Shrkeli	New York Eagles	American Soccer League (1934-1983)	1981	25	7	15
Clyde Watson	Pennsylvania Stoners	American Soccer League (1934-1983)	1981	24	11	2
Brian Tinnion	Detroit Express	American Soccer League (1934-1983)	1981	22	9	6
Zoran Savic	Cleveland Cobras	American Soccer League (1934-1983)	1981	25	9	5
Elson Seale	Pennsylvania Stoners	American Soccer League (1934-1983)	1981	23	9	4
Mal Roche	Carolina Lightnin'	American Soccer League (1934-1983)	1981	22	8	5
Ron Atanasio	Detroit Express	American Soccer League (1934-1983)	1981	24	6	9
Walter Schlothauer	Detroit Express	American Soccer League (1934-1983)	1981	29	6	8
Solomon Hilton	New York United	American Soccer League (1934-1983)	1981	23	7	5
Brian Tinion	Detroit Express	American Soccer League (1934-1983)	1982		22	15
Andy Chapman	Detroit Express	American Soccer League (1934-1983)	1982		23	6
Jeff Bourne	Oklahoma City Slickers	American Soccer League (1934-1983)	1982		20	8
Billy Boljevic	Detroit Express	American Soccer League (1934-1983)	1982		13	14
Jose Neto	Georgia Generals	American Soccer League (1934-1983)	1982		15	4
Kevin Fouser	Georgia Generals	American Soccer League (1934-1983)	1982		11	6
Ernie Buriano	Rochester Flash	American Soccer League (1934-1983)	1982		9	6
Pat Fidelia	Carolina Lightnin'	American Soccer League (1934-1983)	1982		8	3
Solomon Hilton	Pennsylvania Stoners	American Soccer League (1934-1983)	1982		6	6
Franco Paonessa	Rochester Flash	American Soccer League (1934-1983)	1982		6	5
Clyde Watson	Detroit Express	American Soccer League (1934-1983)	1982		6	5
Jeff Bourne	Dallas Americans	American Soccer League (1934-1983)	1983		17	4
Micky Zivaljevic	Jacksonville Tea Men	American Soccer League (1934-1983)	1983		16	5
Alex English	Jacksonville Tea Men	American Soccer League (1934-1983)	1983		11	8
Poli Garcia	Jacksonville Tea Men	American Soccer League (1934-1983)	1983		9	11
Stuart Lee	Carolina Lightnin'	American Soccer League (1934-1983)	1983		11	2
Bill Boljevic	Detroit Express	American Soccer League (1934-1983)	1983		9	6
Andy Chapman	Detroit Express	American Soccer League (1934-1983)	1983		9	3
Solomon Hilton	Pennsylvania Stoners	American Soccer League (1934-1983)	1983		8	3
Giulio Bernardi	Pennsylvania Stoners	American Soccer League (1934-1983)	1983		9	1
Tony Johnson	Pennsylvania Stoners	American Soccer League (1934-1983)	1983		6	6
John Welsch	Dallas Americans	American Soccer League (1934-1983)	1983		7	4
Tony Suarez	Carolina Lightnin'	American Soccer League (1934-1983)	1983		7	4
Nino Zec	Jacksonville Tea Men	American Soccer League (1934-1983)	1983		6	4
Kevin Fouser	Carolina Lightnin'	American Soccer League (1934-1983)	1983		8	0
Brent Goulet	FC Portland	Western Soccer Alliance	1986		9	2
M. Miller	FC Portland	Western Soccer Alliance	1986		7	5
Chance Fry	San Jose Earthquakes	Western Soccer Alliance	1986		8	2
Dennis Gunnell	Seattle Storm	Western Soccer Alliance	1986		7	1
C. Marquez	Edmonton Brickmen	Western Soccer Alliance	1986		5	5
Rob Ryerson	San Diego Nomads	Western Soccer Alliance	1986		6	0
Derek Sanderson	San Jose Earthquakes	Western Soccer Alliance	1986		5	2
Michael Brady	Los Angeles Heat	Western Soccer Alliance	1986		5	1
Norm Odinga	Edmonton Brickmen	Western Soccer Alliance	1986		5	1
Steve McCargo	San Jose Earthquakes	Western Soccer Alliance	1986		5	0
Joe Mihaljevic	San Jose Earthquakes	Western Soccer Alliance	1987		7	2
Marcelo Balboa	San Diego Nomads	Western Soccer Alliance	1987		6	0
Geoff Wall	Seattle Storm	Western Soccer Alliance	1987		4	4
Mike Enneking	Seattle Storm	Western Soccer Alliance	1987		5	0
George Pastor	San Jose Earthquakes	Western Soccer Alliance	1987		4	2
John Hamel	Seattle Storm	Western Soccer Alliance	1987		3	1
John Gerrard	Los Angeles Heat	Western Soccer Alliance	1987		3	1
Jadir	San Jose Earthquakes	Western Soccer Alliance	1987		2	3
Ken Boardman	San Diego Nomads	Western Soccer Alliance	1987		2	3
John Sissons	San Diego Nomads	Western Soccer Alliance	1987		3	0
Amir Darabi	California Kickers	Western Soccer Alliance	1987		3	0
Scott Benedetti	FC Portland	Western Soccer Alliance	1988		8	0
Justin Fashanu	Los Angeles Heat	Western Soccer Alliance	1988		5	4
Eddie Henderson	Seattle Storm	Western Soccer Alliance	1988		5	4
Jerome Watson	San Diego Nomads	Western Soccer Alliance	1988		6	1
Peter Hattrup	Seattle Storm	Western Soccer Alliance	1988		6	1
Billy Thompson	Los Angeles Heat	Western Soccer Alliance	1988		5	3
Frank van den Brand Horning	San Jose Earthquakes	Western Soccer Alliance	1988		5	1
Chance Fry	Seattle Storm	Western Soccer Alliance	1988		3	3
Brendan Murphy	California Kickers	Western Soccer Alliance	1988		3	0
Mario Gonzalez	San Diego Nomads	Western Soccer Alliance	1988		4	0
Grant Gibbs	Seattle Storm	Western Soccer Alliance	1988		4	0
Dzung Tran	San Jose Earthquakes	Western Soccer Alliance	1988		2	4
Ridal Fernandez	Los Angeles Heat	Western Soccer Alliance	1988		3	1
John Sissons	San Diego Nomads	Western Soccer Alliance	1988		3	1
Thor Lee	California Kickers	Western Soccer Alliance	1988		3	0
Alex Basso	San Jose Earthquakes	Western Soccer Alliance	1988		3	0
Eric Phillippi	FC Portland	Western Soccer Alliance	1988		3	0
Jerome Watson	San Diego Nomads	Western Soccer Alliance	1989		10	7
Steve Corpening	San Francisco Bay Blackhawks	Western Soccer Alliance	1989		11	2
Mark Kerlin	Arizona Condors	Western Soccer Alliance	1989		9	4
Wes Wade	Arizona Condors	Western Soccer Alliance	1989		10	1
Chance Fry	Seattle Storm	Western Soccer Alliance	1989		8	4
Jeff Hooker	Los Angeles Heat	Western Soccer Alliance	1989		7	5
Scott Benedetti	Portland Timbers	Western Soccer Alliance	1989		8	1
Steve Boardman	San Diego Nomads	Western Soccer Alliance	1989		7	3
Rob Baartz	Portland Timbers	Western Soccer Alliance	1989		7	2
Robert Lang	Portland Timbers	Western Soccer Alliance	1989		7	0
Eddie Henderson	Seattle Storm	Western Soccer Alliance	1989		5	4
David Palic	San Francisco Bay Blackhawks	Western Soccer Alliance	1989		6	1
Thien Nguyen	San Diego Nomads	Western Soccer Alliance	1989		3	7
Brent Goulet	Seattle Storm	Western Soccer Alliance	1989		6	0
Steve Petuskey	Sacramento Senators	Western Soccer Alliance	1989		5	2
Dominic Kinnear	San Francisco Bay Blackhawks	Western Soccer Alliance	1989		4	4
Chris John	Real Santa Barbara	Western Soccer Alliance	1989		5	1
Billy Thompson	Los Angeles Heat	Western Soccer Alliance	1989		5	1
Jorge Acosta	New Jersey Eagles	American Professional Soccer League	1988		14	4
Steve Kinsey	Fort Lauderdale Strikers	American Professional Soccer League	1988		10	3
Teofilo Cubillas	Fort Lauderdale Strikers	American Professional Soccer League	1988		7	5
Mark Lamb	Orlando Lions	American Professional Soccer League	1988		8	1
Scott Snyder	Washington Stars	American Professional Soccer League	1988		8	1
Maicol Antelo	New Jersey Eagles	American Professional Soccer League	1988		6	4
Roger Chavez	New Jersey Eagles	American Professional Soccer League	1988		5	6
Marcelo Carrera	Fort Lauderdale Strikers	American Professional Soccer League	1988		4	8
Mirko Castillo	Fort Lauderdale Strikers	American Professional Soccer League	1988		5	5
Guillermo Pizzaro	Miami Sharks	American Professional Soccer League	1988		6	2
Andy Bing	Boston Bolts	American Professional Soccer League	1988		5	4
Russ Downing	Albany Capitals	American Professional Soccer League	1988		4	6
Leonel Suazo	Washington Diplomats	American Professional Soccer League	1988		6	1
Mike Sweeney	Boston Bolts	American Professional Soccer League	1988		5	3
Kurt Manal	Boston Bolts	American Professional Soccer League	1988		5	3
Ricardo Alonso	Fort Lauderdale Strikers	American Professional Soccer League	1989		10	7
Mirko Castillo	Miami Sharks	American Professional Soccer League	1989		10	1
Martin Hill	Tampa Bay Rowdies	American Professional Soccer League	1989		7	6
Leonel Suazo	Washington Diplomats	American Professional Soccer League	1989		7	6
Jean Harbor	Washington Diplomats	American Professional Soccer League	1989		7	5
Marcelo Bauza	Washington Diplomats	American Professional Soccer League	1989		9	0
Marcelo Carrera	Fort Lauderdale Strikers	American Professional Soccer League	1989		4	10
Steve Wegerle	Tampa Bay Rowdies	American Professional Soccer League	1989		4	10
Rod Castro	Orlando Lions	American Professional Soccer League	1989		8	1
Scott Snyder	Washington Stars	American Professional Soccer League	1989		7	3
Steve Kinsey	Fort Lauderdale Strikers	American Professional Soccer League	1989		6	5
Elvis Comrie	Albany Capitals	American Professional Soccer League	1989		7	2
Jorge Acosta	New Jersey Eagles	American Professional Soccer League	1989		7	1
Sadri Gjonbalaj	New Jersey Eagles	American Professional Soccer League	1989		6	3
Paul Rutenis	Maryland Bays	American Professional Soccer League	1989		6	3
Dan Donigan	Boston Bolts	American Professional Soccer League	1989		4	7
Pedro Magallanes	Fort Lauderdale Strikers	American Professional Soccer League	1989		5	4
Franklin McIntosh	Orlando Lions	American Professional Soccer League	1989		4	6
Chico Borja	Albany Capitals	American Professional Soccer League	1989		1	12
Patrick Hughes	Boston Bolts	American Professional Soccer League	1989		4	5
Paul Duffy	Boston Bolts	American Professional Soccer League	1989		4	4
Derek Bujak	Maryland Bays	American Professional Soccer League	1989		4	3
Chance Fry	Seattle Storm	American Professional Soccer League	1990		17	5
George Pastor	Salt Lake Sting	American Professional Soccer League	1990		14	9
Mike Masters	Albany Capitals	American Professional Soccer League	1990		14	4
Philip Gyau	Maryland Bays	American Professional Soccer League	1990		12	6
Derek Sanderson	Salt Lake Sting	American Professional Soccer League	1990		11	6
Jerry O'Hara	California Emperors	American Professional Soccer League	1990		10	3
Shawn Medved	Portland Timbers	American Professional Soccer League	1990		10	2
Jean Harbor	Maryland Bays	American Professional Soccer League	1990		8	6
Jim Hutchingson	Real Santa Barbara	American Professional Soccer League	1990		9	4
Scott Benedetti	Seattle Storm	American Professional Soccer League	1990		9	3
Cesar Plascenis	Portland Timbers	American Professional Soccer League	1990		9	3
Steve Pittman	Fort Lauderdale Strikers	American Professional Soccer League	1990		7	7
David Byrne	Tampa Bay Rowdies	American Professional Soccer League	1990		5	10
Steve Corpening	San Francisco Bay Blackhawks	American Professional Soccer League	1990		8	4
Rob Peterson	Portland Timbers	American Professional Soccer League	1990		8	4
Mike Sweeney	Boston Bolts	American Professional Soccer League	1990		8	3
Elvis Comrie	Albany Capitals	American Professional Soccer League	1990		8	2
Lazlo Barns	Miami Freedom	American Professional Soccer League	1990		7	4
Duane Robinson	Penn-Jersey Spirit	American Professional Soccer League	1990		5	4
Jean Harbor	Maryland Bays	American Professional Soccer League	1991		17	11
Kevin Sloan	Maryland Bays	American Professional Soccer League	1991		14	4
Zico Doe	Colorado Foxes	American Professional Soccer League	1991		12	2
Derek Sanderson	Fort Lauderdale Strikers	American Professional Soccer League	1991		10	3
Bryan Haynes	Maryland Bays	American Professional Soccer League	1991		9	5
Andrew McKay	Fort Lauderdale Strikers	American Professional Soccer League	1991		6	8
Paul Dougherty	Fort Lauderdale Strikers	American Professional Soccer League	1991		7	5
Mike Masters	Albany Capitals	American Professional Soccer League	1991		7	5
Townsend Qin	San Francisco Bay Blackhawks	American Professional Soccer League	1991		6	6
Ramiro Borja	Albany Capitals	American Professional Soccer League	1991		7	3
Scott Benedetti	Colorado Foxes	American Professional Soccer League	1991		5	6
Chance Fry	San Francisco Bay Blackhawks	American Professional Soccer League	1991		6	2
Dzung Tran	San Francisco Bay Blackhawks	American Professional Soccer League	1991		5	3
Chad Ashton	Colorado Foxes	American Professional Soccer League	1991		3	7
Philip Gyau	Maryland Bays	American Professional Soccer League	1991		3	6
Kevin Snow	Miami Freedom	American Professional Soccer League	1991		5	1
Jean Harbor	Tampa Bay Rowdies	American Professional Soccer League	1992		13	4
Talifour Diane	Colorado Foxes	American Professional Soccer League	1992		10	3
Kevin Sloan	Tampa Bay Rowdies	American Professional Soccer League	1992		7	6
Eric Eichman	Fort Lauderdale Strikers	American Professional Soccer League	1992		7	3
Philip Gyau	Tampa Bay Rowdies	American Professional Soccer League	1992		7	2
Steve Kinsey	Fort Lauderdale Strikers	American Professional Soccer League	1992		7	1
Chad Ashton	Colorado Foxes	American Professional Soccer League	1992		4	5
Peter Isaacs	San Francisco Bay Blackhawks	American Professional Soccer League	1992		5	2
Zico Doe	Miami Freedom	American Professional Soccer League	1992		4	3
Mike Masters	San Francisco Bay Blackhawks	American Professional Soccer League	1992		4	2
Bryan Haynes	Colorado Foxes	American Professional Soccer League	1992		2	6
Paulinho McLaren	Los Angeles Salsa	American Professional Soccer League	1993		15	7
Paul Wright	Los Angeles Salsa	American Professional Soccer League	1993		13	7
Paul Dougherty	Tampa Bay Rowdies	American Professional Soccer League	1993		8	11
Zico Doe	Fort Lauderdale Strikers	American Professional Soccer League	1993		12	2
Hector Marinaro	Toronto Blizzard	American Professional Soccer League	1993		7	12
Talifour Diane	Colorado Foxes	American Professional Soccer League	1993		10	5
Pierre Morice	Tampa Bay Rowdies	American Professional Soccer League	1993		9	7
Domenic Mobilio	Vancouver 86ers	American Professional Soccer League	1993		10	3
Scott Benedetti	Colorado Foxes	American Professional Soccer League	1993		10	1
Fernando Aguiar	Toronto Blizzard	American Professional Soccer League	1993		9	1
Ted Eck	Colorado Foxes	American Professional Soccer League	1993		8	3
Carlo Corazzin	Vancouver 86ers	American Professional Soccer League	1993		7	5
Alvin James	Fort Lauderdale Strikers	American Professional Soccer League	1993		7	4
Steve Trittschuh	Tampa Bay Rowdies	American Professional Soccer League	1993		7	4
Jean Harbor	Tampa Bay Rowdies	American Professional Soccer League	1993		5	7
Brad Smith	Tampa Bay Rowdies	American Professional Soccer League	1993		6	4
Ivor Evans	Vancouver 86ers	American Professional Soccer League	1993		4	8
Dale Mitchell	Vancouver 86ers	American Professional Soccer League	1993		4	8
A. Gasparin	Toronto Blizzard	American Professional Soccer League	1993		6	3
Grant Needham	Montreal Impact	American Professional Soccer League	1993		6	3
Eddy Berdusco	Toronto Blizzard	American Professional Soccer League	1993		5	3
Paul Wright	Los Angeles Salsa	American Professional Soccer League	1994		12	3
Paulinho McLaren	Los Angeles Salsa	American Professional Soccer League	1994		11	5
Chance Fry	Seattle Sounders	American Professional Soccer League	1994		11	4
Jason Dunn	Seattle Sounders	American Professional Soccer League	1994		10	3
Jean Harbor	Montreal Impact	American Professional Soccer League	1994		8	4
Dale Mitchell	Vancouver 86ers	American Professional Soccer League	1994		5	9
Domenic Mobilio	Vancouver 86ers	American Professional Soccer League	1994		7	3
Ted Eck	Colorado Foxes	American Professional Soccer League	1994		6	4
Lloyd Barker	Montreal Impact	American Professional Soccer League	1994		6	1
Jason Farrell	Seattle Sounders	American Professional Soccer League	1994		3	7
Shawn Medved	Seattle Sounders	American Professional Soccer League	1994		1	11
David Hoggan	Seattle Sounders	American Professional Soccer League	1994		5	11
Chad Ashton	Colorado Foxes	American Professional Soccer League	1994		3	4
Walter Boyd	Colorado Foxes	American Professional Soccer League	1994		4	
Dino DiFlorio	Toronto Blizzard	American Professional Soccer League	1994		4	
Louis Morales	Houston Alianza	Lone Star Soccer Alliance	1991		11	4
Greg Nicholas	Dallas Inter	Lone Star Soccer Alliance	1991		7	7
Scott Bell	Dallas Inter	Lone Star Soccer Alliance	1991		4	7
Tim Trevino	Oklahoma City Spirit	Lone Star Soccer Alliance	1991		7	0
Britt Harder	Wichita Falls Fever	Lone Star Soccer Alliance	1991		6	2
Francisco Maldonado	Houston Alianza	Lone Star Soccer Alliance	1991		5	4
David Roy	Wichita Falls Fever	Lone Star Soccer Alliance	1991		5	2
Stefan Hiller	Dallas Inter	Lone Star Soccer Alliance	1991		5	1
Kris Handerson	Dallas Inter	Lone Star Soccer Alliance	1991		4	1
Joe Roy	Wichita Falls Fever	Lone Star Soccer Alliance	1991		4	1
Terry Gow	Austin Thunder	Lone Star Soccer Alliance	1991		3	3
Julio Cuero	Austin Thunder	Lone Star Soccer Alliance	1991		4	0
Mike O'Toole	Dallas Inter	Lone Star Soccer Alliance	1991		4	0
Robert Dobrient	Dallas Inter	Lone Star Soccer Alliance	1991		4	0
Michael Chaffin	Wichita Falls Fever	Lone Star Soccer Alliance	1991		3	2
Ruben Cuero	Austin Thunder	Lone Star Soccer Alliance	1991		3	2
Nick Gilbert	Calgary Kickers	Canadian Soccer League	1987		10	
Domenic Mobilio	Vancouver 86ers	Canadian Soccer League	1987		9	
Jerry Adzic	Hamilton Steelers	Canadian Soccer League	1987		8	
Norm Odinga	Edmonton Brickmen	Canadian Soccer League	1987		7	
Han Kim	Winnipeg Fury	Canadian Soccer League	1987		7	
Jim Easton	Vancouver 86ers	Canadian Soccer League	1987		7	
John Catliff	Vancouver 86ers	Canadian Soccer League	1988		22	
Domenic Mobilio	Vancouver 86ers	Canadian Soccer League	1988		20	
Amadeo Gasparini	North York Rockets	Canadian Soccer League	1988		18	
Jerry Arzdic	Hamilton Steelers	Canadian Soccer League	1988		14	
Eddy Berdusco	North York Rockets	Canadian Soccer League	1988		11	
Nick Gilbert	Toronto Blizzard	Canadian Soccer League	1988		11	
Geoff Aunger	Winnipeg Fury	Canadian Soccer League	1988		11	
Ted Eck	Ottawa Intrepid	Canadian Soccer League	1989		21	
Justin Fashanu	Edmonton Brickmen	Canadian Soccer League	1989		17	
Amadeo Gasparini	Hamilton Steelers	Canadian Soccer League	1989		15	
Vladen Tomic	North York Rockets	Canadian Soccer League	1989		14	
Billy Domazetis	Hamilton Steelers	Canadian Soccer League	1989		13	
Andy Smith	Calgary Kickers	Canadian Soccer League	1989		11	
John Catliff	Vancouver 86ers	Canadian Soccer League	1990		19	
Domenic Mobilio	Vancouver 86ers	Canadian Soccer League	1990		13	
Paul Peschisolido	Toronto Blizzard	Canadian Soccer League	1990		13	
Alex Bunbury	Toronto Blizzard	Canadian Soccer League	1990		12	
Billy Domazetis	Toronto Blizzard	Canadian Soccer League	1990		10	
Eddy Berdusco	North York Rockets	Canadian Soccer League	1990		9	
Ted Eck	Toronto Blizzard	Canadian Soccer League	1990		9	
Ivor Evans	Vancouver 86ers	Canadian Soccer League	1990		8	
Geoff Aunger	Victoria Vistas	Canadian Soccer League	1990		8	
Domenic Mobilio	Vancouver 86ers	Canadian Soccer League	1991		25	
Eddy Berdusco	North York Rockets	Canadian Soccer League	1991		14	
John Berti	Winnipeg Fury	Canadian Soccer League	1991		12	
Geoff Aunger	Hamilton Steelers	Canadian Soccer League	1991		10	
Ted Eck	Toronto Blizzard	Canadian Soccer League	1991		10	
Marek Grabowski	North York Rockets	Canadian Soccer League	1991		10	
Dale Mitchell	Toronto Blizzard	Canadian Soccer League	1991		10	
John Kerr	Hamilton Steelers	Canadian Soccer League	1991		9	
Alex Bunbury	Montreal Supra	Canadian Soccer League	1991		7	
Gino DiFlorio	Toronto Blizzard	Canadian Soccer League	1991		7	
Justin Fashanu	Toronto Blizzard	Canadian Soccer League	1991		7	
Doug Muirhead	Toronto Blizzard	Canadian Soccer League	1991		7	
Eddy Berdusco	North York Rockets	Canadian Soccer League	1992		14	
Carlo Corazzin	Winnipeg Fury	Canadian Soccer League	1992		8	
John Catliff	Vancouver 86ers	Canadian Soccer League	1992		6	
Doug Muirhead	Vancouver 86ers	Canadian Soccer League	1992		6	
Dale Mitchell	Vancouver 86ers	Canadian Soccer League	1992		6	
Geoff Aunger	London Lasers	Canadian Soccer League	1992		5	
Grant Needham	Montreal Supra	Canadian Soccer League	1992		5	
Tony Notica	Winnipeg Fury	Canadian Soccer League	1992		5	
Jose Neto	Houston Dynamos	United Soccer League	1984	21	22	8
David Kemp	Oklahoma City Stampede	United Soccer League	1984			
Thompson Usiyan	Oklahoma City Stampede	United Soccer League	1984			
Mark Schwartz	Fort Lauderdale Sun	United Soccer League	1984	24	13	6
Carlos Salguero	Buffalo Storm	United Soccer League	1984			
Tony Johnson	Houston Dynamos	United Soccer League	1984	22	11	7
Josue Portillo	El Paso/Juarez Gamecocks	United Soccer League	1985	6	8	0
Mark Schwartz	South Florida Sun	United Soccer League	1985	5	3	1
Hassan Nazari	Dallas Americans	United Soccer League	1985	5	3	1
Boris Bandov	South Florida Sun	United Soccer League	1985	6	0	4
Nene Cubillas	South Florida Sun	United Soccer League	1985	2	1	2
Zequinha	Tulsa Tornados	United Soccer League	1985	4	1	2
Joe Rausch	Dallas Americans	United Soccer League	1985	5	1	2
Miguel Carcamo	El Paso/Juarez Gamecocks	United Soccer League	1985	5	0	3
Tom Fazekas	Dallas Americans	United Soccer League	1985	5	3	0
Arnaldo Correa	El Paso/Juarez Gamecocks	United Soccer League	1985	6	2	1
Tony Crescitelli	South Florida Sun	United Soccer League	1985	6	2	1
