,"id","nm","makecoef.2500.","makecoef.5000.","makecoef.10000.","makecoef.20000.","makecoef.40000.","makecoef.80000."
"NA","NA","home",0.38,0.39,0.4,0.41,0.42,0.42
382,152,"omar-gonzalez",0.26,0.19,0.14,0.1,0.07,0.04
72,216,"justin-mapp",0.33,0.23,0.15,0.09,0.06,0.03
144,167,"jamison-olave",0.28,0.2,0.13,0.08,0.05,0.03
267,143,"brek-shea",0.31,0.21,0.13,0.08,0.05,0.03
177,80,"mike-magee",0.24,0.18,0.12,0.08,0.05,0.03
92,344,"todd-dunivant",0.11,0.11,0.1,0.08,0.06,0.04
140,75,"brad-davis",0.29,0.2,0.12,0.08,0.05,0.03
88,163,"eddie-gaven",0.25,0.17,0.11,0.08,0.05,0.03
365,64,"fredy-montero",0.26,0.18,0.12,0.07,0.05,0.03
117,253,"atiba-harris",0.19,0.14,0.1,0.07,0.04,0.03
335,184,"will-johnson",0.16,0.13,0.1,0.07,0.05,0.03
75,358,"chris-rolfe",0.3,0.18,0.11,0.07,0.04,0.02
289,114,"eric-avila",0.3,0.2,0.12,0.07,0.04,0.02
364,197,"zach-scott",0.28,0.18,0.11,0.07,0.04,0.02
98,431,"marvell-wynne",0.35,0.21,0.12,0.06,0.03,0.02
84,136,"adam-moffat",0.19,0.14,0.1,0.06,0.04,0.02
188,100,"landon-donovan",0.19,0.13,0.09,0.06,0.04,0.03
11,380,"steve-ralston",0.32,0.2,0.11,0.06,0.03,0.02
222,224,"ugo-ihemelu",0.16,0.12,0.09,0.06,0.04,0.02
519,55,"alvaro-saborio",0.22,0.15,0.1,0.06,0.04,0.02
467,235,"jamie-smith",0.23,0.16,0.1,0.06,0.03,0.02
85,886,"danny-orourke",0.21,0.14,0.09,0.06,0.04,0.02
218,180,"andy-williams",0.21,0.14,0.09,0.06,0.04,0.02
360,176,"osvaldo-alonso",0.11,0.1,0.08,0.06,0.04,0.02
506,755,"roy-miller",0.22,0.14,0.09,0.05,0.03,0.02
532,153,"vitor-junior",0.15,0.1,0.07,0.05,0.04,0.02
466,869,"andre-luiz-moreira",0.28,0.17,0.1,0.05,0.03,0.01
70,54,"chad-barrett",0.16,0.12,0.08,0.05,0.03,0.02
213,113,"jeff-cunningham",0.17,0.12,0.08,0.05,0.03,0.02
61,68,"fabian-espindola",0.17,0.12,0.08,0.05,0.03,0.02
380,349,"adolph-joseph-delagarza",0.03,0.05,0.06,0.05,0.04,0.03
361,89,"kasey-keller",0.09,0.08,0.06,0.05,0.03,0.02
67,356,"cuauhtemoc-blanco",0.16,0.11,0.07,0.05,0.03,0.02
419,355,"gregg-berhalter",0.12,0.09,0.07,0.05,0.03,0.02
65,410,"gonzalo-segares",0.11,0.09,0.07,0.05,0.03,0.02
315,391,"alecko-eskandarian",0.23,0.14,0.08,0.05,0.03,0.01
484,208,"heath-pearce",0.05,0.06,0.06,0.05,0.03,0.02
304,364,"nate-jaqua",0.15,0.11,0.07,0.04,0.03,0.02
224,157,"omar-cummings",0.18,0.12,0.07,0.04,0.03,0.01
187,232,"brandon-mcdonald",0.21,0.14,0.08,0.04,0.02,0.01
719,731,"james-marcelin",0.31,0.17,0.09,0.04,0.02,0.01
481,116,"daniel-hernandez",0.04,0.05,0.05,0.04,0.03,0.02
369,173,"roger-levesque",0.18,0.12,0.07,0.04,0.02,0.01
671,111,"mauro-rosales",0.21,0.12,0.07,0.04,0.02,0.01
669,701,"teemu-tainio",0.22,0.13,0.07,0.04,0.02,0.01
558,352,"steven-beitashour",0.22,0.14,0.08,0.04,0.02,0.01
264,188,"steven-lenhart",0.14,0.09,0.06,0.04,0.03,0.02
411,194,"george-john",0.09,0.07,0.05,0.04,0.03,0.02
83,321,"brian-carroll",-0.03,0.02,0.04,0.04,0.03,0.02
175,45,"kei-kamara",0.1,0.08,0.06,0.04,0.03,0.02
223,166,"kosuke-kimura",0.14,0.1,0.06,0.04,0.02,0.01
130,50,"dominic-oduro",0.17,0.11,0.07,0.04,0.02,0.01
508,67,"joel-lindpere",0.07,0.07,0.05,0.04,0.02,0.01
685,65,"omar-bravo",0.17,0.11,0.06,0.04,0.02,0.01
796,691,"luis-enrique",0.16,0.11,0.07,0.04,0.02,0.01
114,462,"jesse-marsch",0.19,0.12,0.07,0.04,0.02,0.01
195,354,"bouna-coundoul",0.06,0.06,0.05,0.04,0.02,0.01
534,673,"seth-sinovic",0.24,0.14,0.07,0.04,0.02,0.01
507,301,"tim-ream",0.08,0.07,0.05,0.04,0.02,0.01
404,257,"matt-besler",0.15,0.1,0.06,0.04,0.02,0.01
42,366,"luciano-emilio",0.16,0.11,0.07,0.04,0.02,0.01
199,165,"pablo-mastroeni",0.08,0.07,0.05,0.03,0.02,0.01
87,280,"will-hesmer",0.06,0.05,0.04,0.03,0.03,0.02
71,477,"bakary-soumare",-0.01,0.03,0.04,0.03,0.03,0.02
146,455,"tony-beltran",0.07,0.06,0.04,0.03,0.02,0.02
64,679,"nick-rimando",-0.01,0.02,0.03,0.03,0.03,0.02
26,288,"kheli-dube",0.14,0.1,0.06,0.03,0.01,0.01
185,973,"abel-xavier",0.22,0.12,0.06,0.03,0.02,0.01
605,291,"blaise-nkufo",0.17,0.1,0.06,0.03,0.02,0.01
80,86,"calen-carr",0.1,0.08,0.05,0.03,0.02,0.01
384,140,"chris-pontius",0.19,0.12,0.07,0.03,0.01,0
376,359,"eduardo-lillingston",0.19,0.11,0.06,0.03,0.02,0.01
8,128,"jeff-larentowicz",0.04,0.04,0.04,0.03,0.02,0.01
128,61,"justin-braun",0.16,0.11,0.06,0.03,0.01,0.01
12,123,"brian-ching",0.13,0.08,0.05,0.03,0.02,0.01
683,88,"cj-sapong",0.12,0.08,0.05,0.03,0.02,0.01
73,345,"logan-pause",0.02,0.03,0.04,0.03,0.02,0.02
309,341,"robbie-russell",-0.03,0.02,0.03,0.03,0.02,0.02
644,110,"lamar-neagle",0.11,0.08,0.05,0.03,0.02,0.01
27,53,"geoff-cameron",0.03,0.04,0.04,0.03,0.02,0.01
52,426,"scott-sealy",0.16,0.1,0.06,0.03,0.01,0.01
15,156,"brian-mullan",0.04,0.04,0.04,0.03,0.02,0.01
682,106,"julio-santos-correa",0.09,0.07,0.05,0.03,0.02,0.01
123,350,"sacha-kljestan",0.19,0.11,0.06,0.03,0.01,0.01
566,699,"collen-warner",0.15,0.09,0.05,0.03,0.02,0.01
208,312,"wilman-conde",0.05,0.05,0.04,0.03,0.02,0.01
217,421,"daniel-woolard",0.15,0.09,0.05,0.03,0.02,0.01
497,78,"mike-fucito",0.11,0.07,0.05,0.03,0.02,0.01
62,77,"nat-borchers",-0.03,0,0.02,0.03,0.03,0.02
86,279,"chad-marshall",0.04,0.04,0.03,0.03,0.02,0.02
725,205,"keon-daniel",0.15,0.09,0.05,0.03,0.01,0.01
16,124,"bobby-boswell",0.03,0.03,0.03,0.03,0.02,0.01
352,694,"josh-saunders",0.05,0.04,0.03,0.03,0.02,0.01
675,171,"carlos-valdez",0.09,0.07,0.04,0.03,0.01,0.01
286,713,"dan-kennedy",0.11,0.08,0.05,0.03,0.01,0.01
562,844,"maksim-usanov",0.18,0.1,0.05,0.03,0.01,0.01
396,260,"quincy-amarikwa",0.17,0.09,0.05,0.03,0.01,0.01
420,748,"donovan-ricketts",-0.01,0.01,0.02,0.03,0.02,0.02
77,267,"robbie-findley",0.1,0.06,0.04,0.03,0.02,0.01
13,385,"stuart-holden",0.07,0.05,0.04,0.03,0.02,0.01
513,299,"eric-alexander",0.09,0.06,0.04,0.03,0.02,0.01
190,107,"sean-franklin",0.03,0.03,0.03,0.03,0.02,0.02
312,48,"marco-pappa",0.15,0.08,0.05,0.02,0.01,0.01
694,706,"kalif-alhassan",0.2,0.11,0.05,0.02,0.01,0
338,905,"josh-wicks",0.17,0.09,0.05,0.02,0.01,0
82,325,"frankie-hejduk",0.02,0.02,0.02,0.02,0.02,0.01
649,98,"charlie-davies",0.11,0.07,0.04,0.02,0.01,0.01
334,938,"diego-jimenez",0.13,0.08,0.05,0.02,0.01,0
684,758,"milos-stojcev",0.15,0.08,0.04,0.02,0.01,0.01
294,315,"mike-banner",0.19,0.1,0.05,0.02,0.01,0.01
413,891,"c-johnson",0.16,0.09,0.05,0.02,0.01,0
89,150,"alejandro-moreno",0.14,0.08,0.04,0.02,0.01,0.01
10,415,"abdoulie-mansally",0.08,0.06,0.04,0.02,0.01,0
414,119,"eric-brunner",0.06,0.05,0.04,0.02,0.01,0.01
363,726,"jhon-kennedy-hurtado",0.03,0.03,0.03,0.02,0.02,0.01
528,87,"teal-bunbury",0.06,0.05,0.03,0.02,0.01,0.01
103,63,"brad-evans",0.03,0.03,0.02,0.02,0.02,0.01
450,333,"tristan-bowen",0.12,0.07,0.04,0.02,0.01,0.01
518,144,"joey-gjertsen",0.1,0.06,0.04,0.02,0.01,0.01
743,42,"michael-farfan",0.12,0.07,0.04,0.02,0.01,0.01
139,369,"gino-padula",-0.02,0,0.02,0.02,0.02,0.01
197,74,"nick-labrocca",0.16,0.09,0.05,0.02,0.01,0
389,244,"david-arturo-ferreira",-0.04,-0.01,0.01,0.02,0.02,0.01
173,284,"ned-grabavoy",0.05,0.03,0.03,0.02,0.02,0.01
66,539,"diego-gutierrez",0.03,0.03,0.03,0.02,0.01,0.01
430,285,"andre-hainault",0.07,0.05,0.03,0.02,0.01,0.01
459,300,"jair-benitez",-0.03,0,0.02,0.02,0.02,0.01
673,76,"will-bruin",0.16,0.08,0.04,0.02,0.01,0.01
152,158,"roger-espinoza",0.04,0.04,0.03,0.02,0.01,0.01
613,308,"rafael-marquez",0.03,0.03,0.03,0.02,0.01,0.01
74,314,"jon-busch",0,0.01,0.02,0.02,0.02,0.01
595,832,"thomas-shavar",0.12,0.07,0.04,0.02,0.01,0.01
377,707,"matt-pickens",0.01,0.02,0.02,0.02,0.02,0.01
607,681,"sean-johnson",0.11,0.06,0.04,0.02,0.01,0.01
522,671,"jimmy-nielsen",-0.02,0.01,0.02,0.02,0.01,0.01
214,218,"emmanuel-ekpo",0.05,0.04,0.03,0.02,0.01,0.01
482,47,"emilio-renteria",0.16,0.08,0.04,0.02,0.01,0.01
383,753,"dejan-jakovic",0.15,0.09,0.05,0.02,0,0
325,395,"clint-mathis",0.08,0.05,0.03,0.02,0.01,0.01
610,142,"thierry-henry",0.06,0.04,0.03,0.02,0.01,0.01
300,945,"francisco-lima",0.1,0.06,0.04,0.02,0.01,0
113,437,"aaron-pitchkolan",0.08,0.06,0.03,0.02,0.01,0
470,335,"leonardo-arce-gonzalez",0.03,0.03,0.02,0.02,0.01,0.01
650,90,"tom-heinemann",0.13,0.07,0.04,0.02,0.01,0
487,210,"chris-birchall",-0.04,-0.01,0.01,0.02,0.02,0.01
714,221,"miguel-lopez-cedron",0.05,0.03,0.02,0.02,0.01,0.01
726,66,"ethan-white",0.1,0.06,0.03,0.02,0.01,0
22,603,"wade-barrett",0.06,0.04,0.02,0.02,0.01,0.01
677,207,"simon-dawkins",0.12,0.07,0.04,0.02,0.01,0
17,43,"dwayne-de-rosario",0.05,0.04,0.03,0.02,0.01,0
311,438,"bruno-guarda",0.11,0.06,0.03,0.02,0.01,0
18,463,"corey-ashe",0.05,0.03,0.02,0.02,0.01,0.01
498,151,"jack-mcinerney",0.15,0.08,0.04,0.02,0.01,0
370,133,"graham-zusi",0.02,0.03,0.02,0.02,0.01,0.01
499,692,"danny-o-rourke",0.08,0.05,0.03,0.02,0.01,0.01
242,401,"davy-arnaud",0.11,0.07,0.04,0.02,0.01,0
676,215,"gabriel-farfan",0.04,0.03,0.02,0.02,0.01,0.01
91,246,"robbie-rogers",0.01,0.01,0.01,0.02,0.02,0.01
60,108,"kyle-beckerman",-0.03,-0.01,0.01,0.02,0.02,0.01
31,264,"jimmy-conrad",0.16,0.09,0.04,0.02,0,-7.66E-005
550,329,"ibriahim-salou",0.05,0.04,0.03,0.02,0.01,0
33,687,"kevin-hartman",0.03,0.03,0.02,0.02,0.01,0.01
112,825,"dario-sala",0.03,0.02,0.02,0.02,0.01,0.01
362,41,"sebastien-le-toux",0.09,0.05,0.03,0.02,0.01,0
227,767,"anthony-wallace",-0.03,0.01,0.02,0.02,0.01,0.01
611,251,"ilija-stolica",0.16,0.08,0.04,0.02,0.01,0
627,172,"sheanon-williams",0.02,0.03,0.02,0.02,0.01,0
616,187,"jackson",0.08,0.04,0.02,0.01,0.01,0.01
447,851,"kyle-davies",0.06,0.04,0.02,0.01,0.01,0
180,501,"carlos-mendes",0.06,0.04,0.02,0.01,0.01,0
737,95,"rajko-lekic",0.17,0.09,0.04,0.01,0,0
48,381,"bryan-namoff",0.06,0.05,0.03,0.01,0,0
35,189,"tyson-wahl",-0.01,0.01,0.01,0.01,0.01,0.01
126,396,"pablo-ricchetti",0.09,0.05,0.03,0.01,0.01,0
780,49,"sebastian-grazzini",0.05,0.04,0.02,0.01,0.01,0
205,425,"herculez-gomez",0.09,0.05,0.03,0.01,0.01,0
437,357,"emmanuel-osei",0.04,0.04,0.03,0.01,0,0
574,272,"birahim-diop",0.07,0.04,0.02,0.01,0.01,0
406,803,"gerson-mayen",0.05,0.03,0.02,0.01,0.01,0
23,227,"patrick-ianni",-0.01,0,0.01,0.01,0.01,0.01
124,971,"brad-guzan",0.1,0.05,0.03,0.01,0.01,0
290,413,"ben-olsen",0.05,0.03,0.02,0.01,0.01,0
44,965,"zachary-wells",0.07,0.04,0.02,0.01,0.01,0
629,778,"bratislav-ristic",0.11,0.06,0.03,0.01,0.01,0
354,777,"greg-janicki",0.11,0.06,0.03,0.01,0,0
104,319,"andy-iro",0.04,0.03,0.02,0.01,0.01,0.01
480,154,"marvin-chavez",0.03,0.02,0.01,0.01,0.01,0.01
668,703,"jan-gunnar-solli",0.01,0.01,0.01,0.01,0.01,0.01
9,419,"michael-parkhurst",0.08,0.04,0.02,0.01,0.01,0
232,412,"bryan-jordan",0.06,0.03,0.02,0.01,0.01,0
278,311,"jason-garey",0,0.01,0.01,0.01,0.01,0.01
182,181,"david-beckham",-0.08,-0.03,0,0.01,0.01,0.01
248,220,"jorge-flores",0.05,0.03,0.02,0.01,0.01,0
257,170,"carlos-ruiz",0.09,0.05,0.02,0.01,0,0
692,130,"jorge-perlaza",0.14,0.07,0.03,0.01,0,0
572,711,"brad-ring",0.05,0.03,0.02,0.01,0.01,0
744,112,"joshua-gardner",0.07,0.04,0.02,0.01,0,0
779,159,"pavel-pardo",0.03,0.02,0.02,0.01,0.01,0
608,79,"alvaro-fernandez",-0.04,-0.01,0.01,0.01,0.01,0.01
643,196,"erick-friberg",-0.01,0,0.01,0.01,0.01,0.01
203,416,"terry-cooke",0.08,0.04,0.02,0.01,0,0
285,51,"patrick-nyarko",0.04,0.02,0.01,0.01,0.01,0
739,174,"aurelien-collin",0.01,0.01,0.01,0.01,0.01,0
681,735,"zarek-valentin",0.04,0.03,0.02,0.01,0,0
172,270,"james-riley",-0.02,-0.01,0,0.01,0.01,0.01
324,746,"david-horst",0.09,0.05,0.02,0.01,0,0
493,191,"danny-mwanga",0.08,0.04,0.02,0.01,0,0
159,377,"dave-van-den-bergh",0.07,0.04,0.02,0.01,0,0
537,211,"zak-boggs",0.14,0.07,0.03,0.01,0,0
258,406,"craig-waibel",0.01,0.01,0.01,0.01,0.01,0
375,239,"mariano-trujillo",0.05,0.04,0.02,0.01,0,0
588,690,"tally-hall",0.01,0.01,0.01,0.01,0.01,0
49,453,"marcelo-gallardo",0.06,0.03,0.02,0.01,0,0
705,57,"luke-rodgers",-0.01,0.01,0.01,0.01,0.01,0
441,277,"baggio-husidic",0.06,0.03,0.02,0.01,0,0
460,372,"ramon-sanchez",0.06,0.03,0.02,0.01,0,0
356,770,"andy-gruenebaum",0.02,0.02,0.01,0.01,0.01,0
238,429,"thomas-mcmanus",0.03,0.02,0.01,0.01,0,0
500,853,"martin-saric",0.09,0.04,0.02,0.01,0,0
3,685,"matt-reis",0.14,0.08,0.04,0.01,0,-0.01
691,147,"orr-barouch",0.04,0.02,0.01,0.01,0,0
533,862,"joseph-niouky",0.12,0.06,0.02,0.01,0,0
618,70,"khari-stephenson",0.09,0.04,0.02,0.01,0,0
689,661,"jalil-anibaba",0.04,0.02,0.01,0.01,0,0
494,101,"roger-torres",0.09,0.05,0.02,0.01,0,3.03E-005
674,751,"faryd-mondragon",-0.04,0,0.01,0.01,0.01,0
43,441,"devon-mctavish",0.05,0.03,0.02,0.01,0,0
253,303,"jovan-kirovski",0.03,0.01,0.01,0.01,0.01,0
186,757,"steve-cronin",0.06,0.03,0.02,0.01,0,0
556,800,"craig-rocastle",0.02,0.01,0.01,0.01,0,0
698,695,"paolo-cardozo",-0.01,0,0,0.01,0.01,0
687,682,"josip-mikulic",0.02,0.02,0.01,0.01,0,0
192,266,"edson-buddle",-0.01,0,0,0.01,0.01,0.01
464,740,"amadou-sanyang",0.02,0.02,0.01,0.01,0,0
262,384,"ricardo-clark",-0.11,-0.04,-0.01,0.01,0.01,0.01
133,307,"john-thorrington",-0.07,-0.03,0,0.01,0.01,0.01
169,747,"jason-hernandez",0.01,0.02,0.01,0.01,0,0
654,721,"jay-demerit",0.11,0.06,0.02,0,0,0
539,337,"michael-stephens",-0.11,-0.05,-0.01,0,0.01,0.01
728,724,"jeb-brovsky",0.13,0.06,0.02,0,0,0
56,259,"javier-morales",-0.05,-0.03,-0.01,0,0.01,0.01
292,298,"nathan-sturgis",0.06,0.03,0.01,0,0,4.29E-005
165,175,"jeff-parke",-0.12,-0.05,-0.01,0,0.01,0.01
549,848,"dario-delgado",0.04,0.02,0.01,0,0,0
100,454,"maurice-edu",0.07,0.03,0.01,0,0,-6.22E-005
30,723,"jonathan-leathers",0.1,0.06,0.02,0,0,-0.01
717,231,"fabian-castillo",0.01,0.01,0,0,0,0
645,186,"perry-kitchen",-0.01,0,0,0,0,2.49E-005
210,60,"juan-pablo-angel",0.02,0.01,0.01,0,0,0
652,261,"terry-dunfield",0.04,0.02,0.01,0,0,0
596,294,"steven-kinney",0.01,0.01,0.01,0,0,0
542,317,"blair-gavin",0.01,0.01,0.01,0,0,0
561,805,"adrian-cann",0.12,0.06,0.02,0,0,-0.01
251,460,"pires-alvaro",0.01,0.01,0,0,0,0
156,374,"john-wolyniec",0.08,0.04,0.01,0,0,0
301,386,"darren-huckerby",0.04,0.02,0.01,0,0,0
763,733,"matt-stinson",0.05,0.02,0.01,0,0,0
196,199,"stephen-keel",0.01,0,0,0,0,0
544,841,"krzysztof-krol",0.01,0.01,0,0,0,0
212,56,"dane-richards",0.03,0.02,0.01,0,0,0
45,457,"gonzalo-martinez",0.04,0.02,0.01,0,0,0
368,249,"steve-zakuani",-0.04,-0.02,-0.01,0,0,0
527,293,"danny-allsopp",0.13,0.05,0.02,0,0,0
502,192,"michael-umana",0.02,0.01,0,0,0,0
102,398,"daniele-dichio",0.06,0.03,0.01,0,0,0
732,233,"mamadou-danso",0.05,0.02,0.01,0,0,0
603,289,"rodolfo-espinoza",0.08,0.03,0.01,0,0,0
121,420,"jim-curtin",-0.04,-0.02,-0.01,0,0,0
653,202,"alain-rochat",0.11,0.05,0.02,0,-0.01,-0.01
241,219,"andrew-boyens",0.06,0.03,0.01,0,-0.01,0
637,96,"juan-agudelo",-0.05,-0.02,-0.01,0,0,0
521,225,"ryan-smith",0.01,0,0,0,0,0
626,109,"chris-schuler",-0.02,-0.01,-0.01,0,0,0
492,263,"dan-califf",0.05,0.02,0,0,0,0
715,126,"luis-gil",-0.06,-0.03,-0.01,0,0,0
293,435,"abdus-ibrahim",0,0,0,0,0,0
378,203,"michael-lahoud",0.05,0.02,0,0,0,0
465,287,"david-arnaud",-0.03,-0.02,-0.01,0,0,-3.70E-005
191,561,"greg-vanney",0.04,0.01,0,0,0,0
228,92,"ryan-johnson",0.09,0.04,0.01,0,-0.01,-0.01
41,465,"gonzalo-peralta",-0.02,-0.01,0,0,0,0
151,672,"chance-myers",-0.11,-0.05,-0.02,0,0,0
125,339,"maykel-galindo",0.04,0.01,0,0,0,0
580,709,"justin-morrow",-0.01,-0.01,-0.01,0,0,0
712,718,"ashtone-morgan",-0.01,0,0,0,0,0
235,346,"bobby-burling",-0.06,-0.03,-0.01,0,0,0
193,488,"claudio-suarez",-0.04,-0.02,-0.01,0,0,0
355,424,"danny-cepero",0.04,0.02,0,0,-0.01,0
511,306,"collins-john",0.02,0,0,0,0,0
136,169,"wells-thompson",-0.04,-0.03,-0.01,0,0,0
658,97,"davide-chiumiento",0.07,0.03,0.01,0,-0.01,-0.01
696,103,"aj-soares",0.07,0.03,0.01,0,-0.01,-0.01
59,362,"yura-movsisyan",0,-0.01,-0.01,0,0,0
201,162,"colin-clark",-0.06,-0.03,-0.01,0,0,0
583,670,"bill-hamid",0,0,0,0,0,0
366,72,"sanna-nyassi",-0.06,-0.03,-0.02,0,2.33E-005,0
543,838,"kwame-watson-siriboe",-0.02,-0.01,-0.01,0,0,0
599,676,"shaun-francis",0,-0.01,-0.01,-0.01,0,0
559,193,"zach-loyd",-0.13,-0.07,-0.03,-0.01,0,0
296,131,"josh-wolff",0.04,0.01,0,-0.01,-0.01,-0.01
412,573,"simon-elliott",-0.01,-0.01,-0.01,-0.01,-0.01,0
58,918,"ian-joy",-0.02,-0.02,-0.01,-0.01,0,0
105,360,"abe-thompson",-0.06,-0.03,-0.01,-0.01,0,0
137,889,"amaechi-igwe",-0.03,-0.02,-0.01,-0.01,0,0
741,82,"diego-chara",0.02,0.01,0,-0.01,-0.01,0
119,494,"francisco-mendoza",-0.06,-0.04,-0.02,-0.01,0,0
21,59,"chris-wondolowski",-0.07,-0.03,-0.01,-0.01,0,0
762,121,"veljko-paunovic",-0.08,-0.04,-0.02,-0.01,0,0
183,941,"mike-randolph",-0.05,-0.02,-0.01,-0.01,0,0
672,743,"jermaine-taylor",-0.06,-0.03,-0.01,-0.01,0,0
167,99,"ramiro-corrales",0.03,0.01,0,-0.01,-0.01,-0.01
680,209,"marcos-mondaini",-0.05,-0.03,-0.01,-0.01,0,0
272,247,"dasan-robinson",-0.04,-0.02,-0.01,-0.01,0,0
397,382,"pablo-campos",-0.01,-0.02,-0.01,-0.01,0,0
237,446,"daniel-paladini",-0.06,-0.03,-0.02,-0.01,0,0
47,456,"clyde-simms",0.02,0.01,0,-0.01,-0.01,-0.01
648,675,"sebastian-miranda",0.02,0,-0.01,-0.01,-0.01,0
28,505,"kerry-zavagnin",-0.04,-0.02,-0.01,-0.01,0,0
421,912,"bojan-stepanovic",-0.08,-0.04,-0.02,-0.01,0,0
510,837,"andrew-dykstra",-0.03,-0.02,-0.01,-0.01,0,0
174,443,"ronnie-obrien",-0.05,-0.02,-0.01,-0.01,-0.01,0
720,83,"darlinton-nagbe",-0.02,-0.01,-0.01,-0.01,-0.01,0
772,719,"torsten-frings",-0.01,-0.01,-0.01,-0.01,-0.01,0
551,839,"raivis-hscanovics",-0.06,-0.03,-0.02,-0.01,-0.01,0
347,265,"macoumba-kandji",-0.01,-0.01,-0.01,-0.01,-0.01,0
517,326,"ike-opara",-0.07,-0.04,-0.02,-0.01,0,0
150,780,"greg-sutton",0.01,-0.01,-0.01,-0.01,-0.01,0
724,206,"blake-brettschneider",-0.04,-0.03,-0.02,-0.01,-0.01,0
36,363,"claudio-lopez",0.06,0.01,0,-0.01,-0.01,-0.01
198,388,"christian-gomez",-0.13,-0.06,-0.02,-0.01,0,0
663,667,"nizar-khalfan",-0.04,-0.02,-0.01,-0.01,-0.01,0
2,885,"mauricio-castro",-0.06,-0.03,-0.02,-0.01,-0.01,0
298,930,"juan-pietravallo",-0.05,-0.03,-0.02,-0.01,-0.01,0
771,71,"danny-koevermans",-0.02,-0.02,-0.01,-0.01,-0.01,0
700,783,"didier-domi",-0.04,-0.02,-0.02,-0.01,-0.01,0
417,399,"alberto-celades",0.02,0,-0.01,-0.01,-0.01,0
576,214,"jean-michel-alexandre",-0.08,-0.05,-0.02,-0.01,0,0
575,827,"jordan-graye",0.08,0.02,0,-0.01,-0.01,-0.01
14,814,"pat-onstad",-0.12,-0.07,-0.03,-0.01,0,0
1,541,"chris-albright",-0.1,-0.06,-0.03,-0.01,0,0
207,278,"jacob-peterson",0.05,0.02,0,-0.01,-0.01,-0.01
768,665,"rafael-baca",-0.05,-0.03,-0.02,-0.01,-0.01,0
129,268,"dax-mccarty",-0.1,-0.07,-0.03,-0.01,0,0
600,262,"milton-rodriguez",-0.11,-0.06,-0.03,-0.01,0,0
154,473,"jarrod-smith",-0.06,-0.03,-0.02,-0.01,-0.01,0
108,468,"duilio-davino",-0.05,-0.03,-0.02,-0.01,-0.01,0
244,788,"jed-zayner",-0.07,-0.04,-0.02,-0.01,-0.01,0
252,920,"josh-tudela",-0.07,-0.04,-0.02,-0.01,-0.01,0
318,946,"gabriel-cichero",-0.08,-0.04,-0.02,-0.01,-0.01,0
620,305,"giovani-deiberson",-0.06,-0.04,-0.02,-0.01,-0.01,0
107,69,"kenny-cooper",0.07,0.02,0,-0.01,-0.01,-0.01
565,295,"devon-mc-tavish",0.04,0.01,-0.01,-0.01,-0.01,-0.01
158,394,"chris-leitch",-0.02,-0.01,-0.01,-0.01,-0.01,-0.01
116,540,"shavar-thomas",-0.14,-0.06,-0.03,-0.01,-0.01,0
143,450,"kenny-deuchar",-0.05,-0.04,-0.02,-0.01,-0.01,0
337,392,"eddie-lewis",-0.08,-0.05,-0.03,-0.01,0,0
204,469,"facundo-erpen",-0.13,-0.07,-0.03,-0.01,-0.01,0
330,927,"louis-crayton",-0.06,-0.04,-0.02,-0.01,-0.01,0
475,286,"jesus-andres-padilla-cisneros",-0.02,-0.02,-0.02,-0.01,-0.01,-0.01
189,639,"joey-franchino",-0.09,-0.05,-0.03,-0.01,-0.01,0
690,242,"diego-gonzalo-chaves",-0.07,-0.04,-0.03,-0.01,-0.01,0
387,223,"andrew-jacobson",-0.03,-0.03,-0.02,-0.01,-0.01,0
512,240,"tony-tchani",-0.03,-0.03,-0.02,-0.01,-0.01,-0.01
194,155,"alan-gordon",0.01,-0.01,-0.02,-0.01,-0.01,0
226,407,"guerreiro-andre-rocha",-0.06,-0.04,-0.02,-0.01,-0.01,0
769,700,"frank-rost",-0.09,-0.05,-0.03,-0.01,-0.01,0
93,310,"carl-robinson",-0.02,-0.02,-0.02,-0.01,-0.01,-0.01
321,327,"pat-noonan",-0.06,-0.04,-0.03,-0.02,-0.01,0
331,902,"michael-zaher",-0.09,-0.05,-0.03,-0.02,-0.01,-0.01
742,85,"je-vaughn-watson",-0.11,-0.06,-0.03,-0.02,-0.01,0
400,393,"pablo-vitti",-0.08,-0.05,-0.03,-0.02,-0.01,-0.01
723,138,"joao-plata-cotera",0.03,0,-0.01,-0.02,-0.01,-0.01
429,371,"milos-kocic",-0.12,-0.06,-0.03,-0.02,-0.01,-0.01
135,58,"drew-moor",-0.12,-0.07,-0.04,-0.02,-0.01,0
660,762,"jay-nolly",-0.04,-0.03,-0.02,-0.02,-0.01,-0.01
716,689,"ricardo-villar",-0.07,-0.05,-0.03,-0.02,-0.01,0
332,275,"brian-mcbride",-0.11,-0.07,-0.04,-0.02,0,0
709,793,"alan-stevanovic",-0.02,-0.02,-0.02,-0.02,-0.01,-0.01
523,44,"andy-najar",0.02,0,-0.01,-0.02,-0.01,-0.01
548,861,"cristian-arrieta",-0.02,-0.02,-0.02,-0.02,-0.01,-0.01
314,821,"zach-thornton",-0.05,-0.03,-0.02,-0.02,-0.01,-0.01
456,316,"julien-baudet",-0.09,-0.05,-0.03,-0.02,-0.01,0
148,471,"laurent-robert",-0.07,-0.05,-0.03,-0.02,-0.01,-0.01
496,669,"amobi-okugo",-0.07,-0.04,-0.03,-0.02,-0.01,-0.01
7,379,"jay-heaps",-0.16,-0.08,-0.04,-0.02,-0.01,-0.01
646,213,"rich-balchan",-0.08,-0.05,-0.03,-0.02,-0.01,-0.01
418,160,"mike-chabala",-0.01,-0.02,-0.02,-0.02,-0.01,-0.01
20,400,"richard-mulrooney",-0.14,-0.08,-0.04,-0.02,-0.01,0
504,749,"danny-earls",-0.13,-0.07,-0.04,-0.02,-0.01,0
439,323,"cornell-glen",-0.06,-0.04,-0.03,-0.02,-0.01,-0.01
157,332,"seth-stammler",-0.01,-0.02,-0.02,-0.02,-0.01,-0.01
4,94,"shalrie-joseph",0.09,0.03,0,-0.02,-0.02,-0.02
255,178,"conor-casey",-0.12,-0.07,-0.04,-0.02,-0.01,0
236,403,"taylor-twellman",-0.09,-0.06,-0.03,-0.02,-0.01,-0.01
50,281,"fred",-0.06,-0.04,-0.03,-0.02,-0.01,-0.01
409,177,"danny-cruz",-0.09,-0.06,-0.04,-0.02,-0.01,0
751,200,"austin-da-luz",-0.11,-0.07,-0.04,-0.02,-0.01,0
657,146,"gershon-koffie",0.01,-0.01,-0.02,-0.02,-0.02,-0.01
90,483,"stefani-miglioranzi",-0.12,-0.07,-0.04,-0.02,-0.01,0
531,254,"leonardo",-0.18,-0.1,-0.05,-0.02,-0.01,0
477,734,"yamith-cuesta",-0.1,-0.06,-0.03,-0.02,-0.01,-0.01
656,145,"eric-hassli",-0.01,-0.02,-0.02,-0.02,-0.02,-0.01
97,892,"brian-edwards",-0.07,-0.05,-0.03,-0.02,-0.01,-0.01
63,342,"chris-wingert",-0.17,-0.11,-0.05,-0.02,0,0
541,234,"lovel-palmer",-0.04,-0.04,-0.03,-0.02,-0.01,-0.01
109,427,"marcelo-saragosa",-0.05,-0.04,-0.03,-0.02,-0.01,-0.01
395,383,"darrius-barnes",0.03,0,-0.02,-0.02,-0.02,-0.02
394,139,"kevin-alston",0.03,0,-0.01,-0.02,-0.02,-0.02
46,238,"marc-burch",-0.08,-0.05,-0.03,-0.02,-0.01,-0.01
563,183,"ben-zemanski",-0.12,-0.07,-0.04,-0.02,-0.01,-0.01
388,389,"daniel-torres",-0.11,-0.07,-0.04,-0.02,-0.01,-0.01
538,292,"kenny-mansally",-0.02,-0.03,-0.03,-0.02,-0.02,-0.01
115,422,"jonathan-bornstein",-0.13,-0.07,-0.04,-0.02,-0.01,-0.01
688,256,"gaston-puerari",-0.14,-0.08,-0.04,-0.02,-0.01,-0.01
422,351,"chukwudi-chijindu",-0.14,-0.08,-0.04,-0.02,-0.01,-0.01
426,698,"rauwshan-mckenzie",-0.1,-0.07,-0.04,-0.02,-0.01,-0.01
647,737,"dejan-rusmir",-0.15,-0.08,-0.04,-0.02,-0.01,-0.01
265,872,"preston-burpo",-0.02,-0.03,-0.03,-0.02,-0.02,-0.01
243,405,"amado-guevara",-0.05,-0.04,-0.03,-0.02,-0.02,-0.01
19,340,"eddie-robinson",-0.13,-0.08,-0.05,-0.02,-0.01,0
346,442,"thabiso-khumalo",-0.15,-0.08,-0.05,-0.02,-0.01,-0.01
458,248,"obrian-white",-0.08,-0.06,-0.04,-0.02,-0.01,-0.01
6,161,"adam-cristman",-0.07,-0.06,-0.04,-0.02,-0.01,-0.01
545,865,"juan-manuel-pena-montano",-0.1,-0.07,-0.04,-0.02,-0.01,-0.01
697,168,"stephen-mccarthy",-0.11,-0.06,-0.04,-0.02,-0.02,-0.01
260,313,"nana-attakora-gyan",-0.06,-0.05,-0.03,-0.03,-0.02,-0.01
577,217,"kyle-nakazawa",-0.13,-0.08,-0.05,-0.03,-0.01,-0.01
451,378,"edgaras-jankauskas",-0.18,-0.1,-0.05,-0.03,-0.01,-0.01
266,916,"ray-burse",-0.11,-0.07,-0.04,-0.03,-0.01,-0.01
81,269,"guillermo-barros-schelotto",-0.29,-0.16,-0.07,-0.03,0,0
166,466,"ivan-guerrero",-0.07,-0.06,-0.04,-0.03,-0.02,-0.01
718,127,"caleb-folan",-0.17,-0.1,-0.05,-0.03,-0.01,-0.01
372,397,"sam-cronin",-0.07,-0.06,-0.04,-0.03,-0.02,-0.01
239,212,"mehdi-ballouchy",-0.16,-0.1,-0.06,-0.03,-0.01,0
391,771,"tim-ward",-0.09,-0.07,-0.05,-0.03,-0.01,-0.01
95,365,"jim-brennan",-0.03,-0.03,-0.03,-0.03,-0.02,-0.01
428,683,"mike-videira",-0.15,-0.09,-0.05,-0.03,-0.01,-0.01
184,467,"chris-klein",-0.13,-0.08,-0.05,-0.03,-0.01,-0.01
781,122,"milton-caraglio",-0.11,-0.07,-0.05,-0.03,-0.02,-0.01
153,433,"sasha-victorine",-0.14,-0.08,-0.05,-0.03,-0.02,-0.01
598,809,"branko-boskovic",-0.12,-0.07,-0.05,-0.03,-0.02,-0.01
415,179,"scott-palguta",-0.14,-0.09,-0.05,-0.03,-0.01,-0.01
623,84,"andres-mendoza",-0.16,-0.09,-0.05,-0.03,-0.02,-0.01
520,702,"stephane-auvray",-0.16,-0.1,-0.05,-0.03,-0.01,-0.01
101,524,"kevin-harmse",-0.12,-0.08,-0.05,-0.03,-0.02,-0.01
178,448,"joe-vide",-0.16,-0.1,-0.05,-0.03,-0.02,-0.01
171,373,"nick-garcia",-0.03,-0.04,-0.03,-0.03,-0.02,-0.01
69,884,"brandon-prideaux",-0.34,-0.18,-0.08,-0.03,-0.01,0
708,732,"mikael-david-yourassowsky",-0.07,-0.05,-0.04,-0.03,-0.02,-0.01
120,304,"paulo-nagamura",-0.1,-0.07,-0.05,-0.03,-0.02,-0.01
295,910,"lance-watson",-0.16,-0.09,-0.05,-0.03,-0.02,-0.01
76,141,"stephen-king",-0.13,-0.08,-0.05,-0.03,-0.02,-0.01
393,230,"bobby-convey",-0.1,-0.07,-0.05,-0.03,-0.02,-0.01
390,779,"steve-purdy",-0.15,-0.09,-0.05,-0.03,-0.02,-0.01
160,336,"sinisa-ubiparipovic",-0.1,-0.07,-0.05,-0.03,-0.02,-0.01
57,338,"carey-talley",-0.05,-0.05,-0.04,-0.03,-0.02,-0.01
211,245,"hunter-freeman",-0.12,-0.08,-0.05,-0.03,-0.02,-0.01
740,716,"richard-eckersley",-0.04,-0.04,-0.04,-0.03,-0.02,-0.01
297,409,"jorge-rojas",-0.06,-0.06,-0.04,-0.03,-0.02,-0.01
327,73,"cory-gibbs",-0.06,-0.05,-0.04,-0.03,-0.02,-0.01
284,404,"cj-brown",-0.16,-0.1,-0.06,-0.03,-0.02,-0.01
424,915,"alfredo-pacheco",-0.1,-0.08,-0.05,-0.03,-0.02,-0.01
110,297,"adrian-serioux",-0.14,-0.09,-0.05,-0.03,-0.02,-0.01
398,840,"brad-knighton",-0.18,-0.1,-0.06,-0.03,-0.02,-0.01
662,255,"javier-martina",-0.07,-0.06,-0.05,-0.03,-0.02,-0.01
34,137,"jack-jewsbury",-0.05,-0.04,-0.04,-0.03,-0.03,-0.02
483,93,"julian-de-guzman",-0.11,-0.07,-0.05,-0.03,-0.02,-0.01
440,677,"kevin-burns",-0.16,-0.1,-0.06,-0.03,-0.02,-0.01
667,62,"camilo-sanvezzo",-0.06,-0.05,-0.04,-0.03,-0.02,-0.01
455,290,"peter-lowry",-0.2,-0.12,-0.07,-0.04,-0.02,-0.01
661,91,"nick-soolsma",-0.11,-0.08,-0.05,-0.04,-0.02,-0.01
401,276,"freddie-ljungberg",-0.15,-0.1,-0.06,-0.04,-0.02,-0.01
597,828,"pablo-hernandez",-0.16,-0.09,-0.06,-0.04,-0.02,-0.01
225,451,"eric-denton",-0.11,-0.08,-0.06,-0.04,-0.02,-0.01
619,662,"dilly-duka",-0.2,-0.12,-0.07,-0.04,-0.02,-0.01
373,876,"santiago-hirsig",-0.21,-0.12,-0.07,-0.04,-0.02,-0.01
219,481,"troy-roberts",-0.19,-0.11,-0.07,-0.04,-0.02,-0.01
200,602,"kelly-gray",-0.15,-0.1,-0.06,-0.04,-0.02,-0.01
695,686,"franco-coria",-0.19,-0.11,-0.06,-0.04,-0.02,-0.01
738,105,"benny-feilhaber",-0.13,-0.09,-0.06,-0.04,-0.02,-0.01
179,283,"danleigh-borman",0.02,-0.02,-0.04,-0.04,-0.03,-0.02
495,282,"michael-orozco",-0.1,-0.08,-0.06,-0.04,-0.02,-0.01
589,754,"bobby-shuttleworth",-0.16,-0.11,-0.06,-0.04,-0.02,-0.01
78,302,"dema-kovalenko",-0.21,-0.13,-0.08,-0.04,-0.02,-0.01
621,705,"salvatore-zizzo",-0.19,-0.11,-0.07,-0.04,-0.02,-0.01
553,120,"dan-gargan",-0.17,-0.1,-0.06,-0.04,-0.03,-0.02
161,198,"kevin-goldthwaite",-0.09,-0.07,-0.05,-0.04,-0.03,-0.02
94,430,"marco-velez",-0.18,-0.11,-0.07,-0.04,-0.02,-0.01
162,806,"jon-conway",-0.11,-0.09,-0.06,-0.04,-0.02,-0.01
665,781,"wes-knight",-0.24,-0.14,-0.07,-0.04,-0.02,-0.01
118,447,"ante-razov",-0.3,-0.16,-0.08,-0.04,-0.02,-0.01
168,720,"joe-cannon",-0.09,-0.06,-0.05,-0.04,-0.03,-0.02
524,870,"christian-castillo-martinez",-0.2,-0.12,-0.07,-0.04,-0.02,-0.01
149,423,"rohan-ricketts",-0.19,-0.12,-0.07,-0.04,-0.02,-0.01
209,368,"tyrone-marshall",-0.17,-0.12,-0.07,-0.04,-0.02,-0.01
385,243,"rodney-wallace",-0.17,-0.1,-0.07,-0.04,-0.03,-0.02
142,271,"jaime-moreno",-0.13,-0.1,-0.07,-0.04,-0.03,-0.02
111,697,"blake-wagner",-0.22,-0.13,-0.08,-0.04,-0.02,-0.01
659,722,"michael-boxall",-0.17,-0.11,-0.07,-0.04,-0.03,-0.01
442,846,"nick-zimmerman",-0.21,-0.13,-0.08,-0.05,-0.03,-0.01
259,46,"julius-james",-0.05,-0.06,-0.06,-0.05,-0.03,-0.02
134,324,"arturo-alvarez",-0.12,-0.1,-0.07,-0.05,-0.03,-0.02
38,432,"michael-harrington",-0.22,-0.14,-0.08,-0.05,-0.03,-0.02
392,222,"cameron-weaver",-0.17,-0.12,-0.08,-0.05,-0.03,-0.01
501,717,"robert-tyrel-harden",-0.11,-0.09,-0.07,-0.05,-0.03,-0.02
701,795,"chris-korb",-0.26,-0.16,-0.09,-0.05,-0.03,-0.01
326,436,"mike-petke",-0.21,-0.14,-0.08,-0.05,-0.03,-0.02
170,132,"ryan-cochrane",-0.19,-0.13,-0.08,-0.05,-0.03,-0.02
535,258,"zack-schilawski",-0.19,-0.13,-0.08,-0.05,-0.03,-0.02
590,328,"joseph-ngwenya",-0.28,-0.17,-0.1,-0.05,-0.03,-0.01
367,745,"jeremy-hall",-0.11,-0.09,-0.07,-0.05,-0.03,-0.02
435,823,"chris-seitz",-0.22,-0.14,-0.09,-0.05,-0.03,-0.02
371,715,"stefan-frei",-0.1,-0.08,-0.07,-0.05,-0.04,-0.03
221,353,"jordan-harvey",-0.11,-0.09,-0.07,-0.05,-0.04,-0.02
273,296,"pat-phelan",-0.14,-0.11,-0.08,-0.05,-0.04,-0.02
131,444,"khano-smith",-0.21,-0.14,-0.09,-0.05,-0.03,-0.02
270,440,"peter-vagenas",-0.15,-0.12,-0.09,-0.06,-0.03,-0.02
288,185,"chris-tierney",-0.13,-0.1,-0.07,-0.06,-0.04,-0.02
269,402,"aaron-hohlbein",-0.26,-0.16,-0.1,-0.06,-0.03,-0.02
554,241,"marko-perovic",-0.2,-0.13,-0.09,-0.06,-0.03,-0.02
163,204,"luke-sassano",-0.21,-0.15,-0.09,-0.06,-0.03,-0.02
552,309,"nane-joseph",-0.38,-0.22,-0.12,-0.06,-0.03,-0.02
486,117,"maicon-santos",-0.14,-0.12,-0.1,-0.07,-0.04,-0.02
"NA.3","NA","set2",-0.1,-0.11,-0.09,-0.07,-0.04,-0.03
526,704,"troy-perkins",-0.23,-0.15,-0.1,-0.07,-0.04,-0.03
271,331,"ante-jazic",-0.25,-0.17,-0.11,-0.07,-0.04,-0.02
51,252,"santino-quaranta",-0.18,-0.14,-0.1,-0.07,-0.05,-0.03
181,115,"shea-salinas",-0.19,-0.14,-0.1,-0.07,-0.05,-0.03
53,816,"kurt-morsink",-0.23,-0.18,-0.12,-0.08,-0.05,-0.03
"NA.5","NA","set56",-0.1,-0.1,-0.1,-0.09,-0.07,-0.04
5,190,"sainey-nyassi",-0.34,-0.23,-0.14,-0.09,-0.05,-0.03
"NA.4","NA","set34",-0.14,-0.14,-0.12,-0.1,-0.07,-0.04
"NA.2","NA","set1",-0.26,-0.21,-0.16,-0.1,-0.06,-0.03
"NA.1","NA","set0",-0.35,-0.27,-0.19,-0.12,-0.07,-0.04
